date,stock_id,buy,name,sell
2024-05-27,2488,84000,Foreign_Investor,33000
2024-05-27,2488,0,Foreign_Dealer_Self,0
2024-05-27,2488,0,Investment_Trust,0
2024-05-27,2488,1000,Dealer_self,1000
2024-05-27,2488,0,Dealer_Hedging,224
2024-05-28,2488,245000,Foreign_Investor,37000
2024-05-28,2488,0,Foreign_Dealer_Self,0
2024-05-28,2488,0,Investment_Trust,0
2024-05-28,2488,0,Dealer_self,0
2024-05-28,2488,0,Dealer_Hedging,0
2024-05-29,2488,103000,Foreign_Investor,63000
2024-05-29,2488,0,Foreign_Dealer_Self,0
2024-05-29,2488,0,Investment_Trust,0
2024-05-29,2488,1000,Dealer_self,21000
2024-05-29,2488,0,Dealer_Hedging,0
2024-05-30,2488,37000,Foreign_Investor,113000
2024-05-30,2488,0,Foreign_Dealer_Self,0
2024-05-30,2488,0,Investment_Trust,0
2024-05-30,2488,0,Dealer_self,0
2024-05-30,2488,0,Dealer_Hedging,0
2024-05-31,2488,49000,Foreign_Investor,10000
2024-05-31,2488,0,Foreign_Dealer_Self,0
2024-05-31,2488,0,Investment_Trust,0
2024-05-31,2488,0,Dealer_self,10000
2024-05-31,2488,0,Dealer_Hedging,0
2024-06-03,2488,73000,Foreign_Investor,19000
2024-06-03,2488,0,Foreign_Dealer_Self,0
2024-06-03,2488,0,Investment_Trust,0
2024-06-03,2488,9000,Dealer_self,0
2024-06-03,2488,1000,Dealer_Hedging,870
2024-06-04,2488,72000,Foreign_Investor,8000
2024-06-04,2488,0,Foreign_Dealer_Self,0
2024-06-04,2488,0,Investment_Trust,0
2024-06-04,2488,0,Dealer_self,0
2024-06-04,2488,0,Dealer_Hedging,100
2024-06-05,2488,50000,Foreign_Investor,34000
2024-06-05,2488,0,Foreign_Dealer_Self,0
2024-06-05,2488,0,Investment_Trust,0
2024-06-05,2488,0,Dealer_self,1000
2024-06-05,2488,0,Dealer_Hedging,0
2024-06-06,2488,8000,Foreign_Investor,135000
2024-06-06,2488,0,Foreign_Dealer_Self,0
2024-06-06,2488,0,Investment_Trust,0
2024-06-06,2488,9000,Dealer_self,1000
2024-06-06,2488,0,Dealer_Hedging,0
2024-06-07,2488,21000,Foreign_Investor,70000
2024-06-07,2488,0,Foreign_Dealer_Self,0
2024-06-07,2488,0,Investment_Trust,0
2024-06-07,2488,0,Dealer_self,17000
2024-06-07,2488,1000,Dealer_Hedging,101
2024-06-11,2488,132000,Foreign_Investor,33000
2024-06-11,2488,0,Foreign_Dealer_Self,0
2024-06-11,2488,0,Investment_Trust,0
2024-06-11,2488,2000,Dealer_self,1000
2024-06-11,2488,3000,Dealer_Hedging,0
2024-06-12,2488,118000,Foreign_Investor,30000
2024-06-12,2488,0,Foreign_Dealer_Self,0
2024-06-12,2488,0,Investment_Trust,0
2024-06-12,2488,0,Dealer_self,0
2024-06-12,2488,0,Dealer_Hedging,5
2024-06-13,2488,50000,Foreign_Investor,51000
2024-06-13,2488,0,Foreign_Dealer_Self,0
2024-06-13,2488,0,Investment_Trust,0
2024-06-13,2488,27000,Dealer_self,0
2024-06-13,2488,0,Dealer_Hedging,0
2024-06-14,2488,89000,Foreign_Investor,14000
2024-06-14,2488,0,Foreign_Dealer_Self,0
2024-06-14,2488,0,Investment_Trust,0
2024-06-14,2488,0,Dealer_self,0
2024-06-14,2488,0,Dealer_Hedging,0
2024-06-17,2488,26000,Foreign_Investor,43000
2024-06-17,2488,0,Foreign_Dealer_Self,0
2024-06-17,2488,0,Investment_Trust,0
2024-06-17,2488,20000,Dealer_self,0
2024-06-17,2488,0,Dealer_Hedging,0
2024-06-18,2488,17000,Foreign_Investor,105000
2024-06-18,2488,0,Foreign_Dealer_Self,0
2024-06-18,2488,0,Investment_Trust,0
2024-06-18,2488,6000,Dealer_self,0
2024-06-18,2488,0,Dealer_Hedging,3000
2024-06-19,2488,26000,Foreign_Investor,57000
2024-06-19,2488,0,Foreign_Dealer_Self,0
2024-06-19,2488,0,Investment_Trust,0
2024-06-19,2488,4000,Dealer_self,0
2024-06-19,2488,0,Dealer_Hedging,1
2024-06-20,2488,20000,Foreign_Investor,17000
2024-06-20,2488,0,Foreign_Dealer_Self,0
2024-06-20,2488,0,Investment_Trust,0
2024-06-20,2488,15000,Dealer_self,0
2024-06-20,2488,0,Dealer_Hedging,82
2024-06-21,2488,18000,Foreign_Investor,24000
2024-06-21,2488,0,Foreign_Dealer_Self,0
2024-06-21,2488,0,Investment_Trust,0
2024-06-21,2488,1000,Dealer_self,0
2024-06-21,2488,0,Dealer_Hedging,0
2024-06-24,2488,7000,Foreign_Investor,176000
2024-06-24,2488,0,Foreign_Dealer_Self,0
2024-06-24,2488,0,Investment_Trust,0
2024-06-24,2488,0,Dealer_self,21000
2024-06-24,2488,2000,Dealer_Hedging,2272
2024-06-25,2488,127000,Foreign_Investor,106000
2024-06-25,2488,0,Foreign_Dealer_Self,0
2024-06-25,2488,0,Investment_Trust,0
2024-06-25,2488,0,Dealer_self,24000
2024-06-25,2488,3000,Dealer_Hedging,2871
2024-06-26,2488,9000,Foreign_Investor,55000
2024-06-26,2488,0,Foreign_Dealer_Self,0
2024-06-26,2488,0,Investment_Trust,0
2024-06-26,2488,0,Dealer_self,0
2024-06-26,2488,0,Dealer_Hedging,0
2024-06-27,2488,14000,Foreign_Investor,32000
2024-06-27,2488,0,Foreign_Dealer_Self,0
2024-06-27,2488,0,Investment_Trust,0
2024-06-27,2488,0,Dealer_self,22000
2024-06-27,2488,1000,Dealer_Hedging,1194
2024-06-28,2488,27000,Foreign_Investor,29000
2024-06-28,2488,0,Foreign_Dealer_Self,0
2024-06-28,2488,0,Investment_Trust,0
2024-06-28,2488,15000,Dealer_self,0
2024-06-28,2488,0,Dealer_Hedging,29
2024-07-01,2488,10000,Foreign_Investor,31000
2024-07-01,2488,0,Foreign_Dealer_Self,0
2024-07-01,2488,0,Investment_Trust,0
2024-07-01,2488,7000,Dealer_self,90
2024-07-01,2488,0,Dealer_Hedging,0
2024-07-02,2488,7000,Foreign_Investor,64000
2024-07-02,2488,0,Foreign_Dealer_Self,0
2024-07-02,2488,0,Investment_Trust,0
2024-07-02,2488,0,Dealer_self,702
2024-07-02,2488,0,Dealer_Hedging,0
2024-07-03,2488,15000,Foreign_Investor,36000
2024-07-03,2488,0,Foreign_Dealer_Self,0
2024-07-03,2488,0,Investment_Trust,0
2024-07-03,2488,2000,Dealer_self,93
2024-07-03,2488,0,Dealer_Hedging,0
2024-07-04,2488,21000,Foreign_Investor,55000
2024-07-04,2488,0,Foreign_Dealer_Self,0
2024-07-04,2488,0,Investment_Trust,0
2024-07-04,2488,2000,Dealer_self,80
2024-07-04,2488,5000,Dealer_Hedging,0
2024-07-05,2488,27000,Foreign_Investor,25000
2024-07-05,2488,0,Foreign_Dealer_Self,0
2024-07-05,2488,0,Investment_Trust,0
2024-07-05,2488,0,Dealer_self,417
2024-07-05,2488,0,Dealer_Hedging,0
2024-07-08,2488,106000,Foreign_Investor,43000
2024-07-08,2488,0,Foreign_Dealer_Self,0
2024-07-08,2488,0,Investment_Trust,0
2024-07-08,2488,0,Dealer_self,0
2024-07-08,2488,0,Dealer_Hedging,0
2024-07-09,2488,4000,Foreign_Investor,117000
2024-07-09,2488,0,Foreign_Dealer_Self,0
2024-07-09,2488,0,Investment_Trust,0
2024-07-09,2488,3000,Dealer_self,236
2024-07-09,2488,0,Dealer_Hedging,0
2024-07-10,2488,75000,Foreign_Investor,26000
2024-07-10,2488,0,Foreign_Dealer_Self,0
2024-07-10,2488,0,Investment_Trust,0
2024-07-10,2488,8000,Dealer_self,0
2024-07-10,2488,0,Dealer_Hedging,0
2024-07-11,2488,211100,Foreign_Investor,33000
2024-07-11,2488,0,Foreign_Dealer_Self,0
2024-07-11,2488,0,Investment_Trust,0
2024-07-11,2488,0,Dealer_self,0
2024-07-11,2488,0,Dealer_Hedging,0
2024-07-12,2488,17100,Foreign_Investor,99000
2024-07-12,2488,0,Foreign_Dealer_Self,0
2024-07-12,2488,0,Investment_Trust,0
2024-07-12,2488,0,Dealer_self,1000
2024-07-12,2488,0,Dealer_Hedging,0
2024-07-15,2488,5000,Foreign_Investor,78000
2024-07-15,2488,0,Foreign_Dealer_Self,0
2024-07-15,2488,0,Investment_Trust,0
2024-07-15,2488,0,Dealer_self,0
2024-07-15,2488,0,Dealer_Hedging,0
2024-07-16,2488,1000,Foreign_Investor,163000
2024-07-16,2488,0,Foreign_Dealer_Self,0
2024-07-16,2488,0,Investment_Trust,0
2024-07-16,2488,0,Dealer_self,1743
2024-07-16,2488,0,Dealer_Hedging,0
2024-07-17,2488,10000,Foreign_Investor,43000
2024-07-17,2488,0,Foreign_Dealer_Self,0
2024-07-17,2488,0,Investment_Trust,0
2024-07-17,2488,1000,Dealer_self,506
2024-07-17,2488,0,Dealer_Hedging,0
2024-07-18,2488,21000,Foreign_Investor,87000
2024-07-18,2488,0,Foreign_Dealer_Self,0
2024-07-18,2488,0,Investment_Trust,0
2024-07-18,2488,1000,Dealer_self,716
2024-07-18,2488,0,Dealer_Hedging,0
2024-07-19,2488,21000,Foreign_Investor,200000
2024-07-19,2488,0,Foreign_Dealer_Self,0
2024-07-19,2488,0,Investment_Trust,0
2024-07-19,2488,1000,Dealer_self,1705
2024-07-19,2488,0,Dealer_Hedging,0
2024-07-22,2488,94000,Foreign_Investor,207000
2024-07-22,2488,0,Foreign_Dealer_Self,0
2024-07-22,2488,0,Investment_Trust,0
2024-07-22,2488,8000,Dealer_self,6082
2024-07-22,2488,0,Dealer_Hedging,0
2024-07-23,2488,18000,Foreign_Investor,67000
2024-07-23,2488,0,Foreign_Dealer_Self,0
2024-07-23,2488,0,Investment_Trust,0
2024-07-23,2488,2000,Dealer_self,1627
2024-07-23,2488,0,Dealer_Hedging,0
2024-07-26,2488,58000,Foreign_Investor,105000
2024-07-26,2488,0,Foreign_Dealer_Self,0
2024-07-26,2488,0,Investment_Trust,0
2024-07-26,2488,1000,Dealer_self,9095
2024-07-26,2488,0,Dealer_Hedging,0
2024-07-29,2488,16000,Foreign_Investor,87000
2024-07-29,2488,0,Foreign_Dealer_Self,0
2024-07-29,2488,0,Investment_Trust,0
2024-07-29,2488,2000,Dealer_self,2243
2024-07-29,2488,0,Dealer_Hedging,0
2024-07-30,2488,100000,Foreign_Investor,68000
2024-07-30,2488,0,Foreign_Dealer_Self,0
2024-07-30,2488,0,Investment_Trust,0
2024-07-30,2488,1000,Dealer_self,1154
2024-07-30,2488,0,Dealer_Hedging,0
2024-07-31,2488,54000,Foreign_Investor,45000
2024-07-31,2488,0,Foreign_Dealer_Self,0
2024-07-31,2488,0,Investment_Trust,0
2024-07-31,2488,0,Dealer_self,0
2024-07-31,2488,0,Dealer_Hedging,0
2024-08-01,2488,58000,Foreign_Investor,36000
2024-08-01,2488,0,Foreign_Dealer_Self,0
2024-08-01,2488,0,Investment_Trust,0
2024-08-01,2488,1000,Dealer_self,35
2024-08-01,2488,0,Dealer_Hedging,0
2024-08-02,2488,22000,Foreign_Investor,83000
2024-08-02,2488,0,Foreign_Dealer_Self,0
2024-08-02,2488,0,Investment_Trust,0
2024-08-02,2488,0,Dealer_self,3000
2024-08-02,2488,0,Dealer_Hedging,0
2024-08-05,2488,106000,Foreign_Investor,523000
2024-08-05,2488,0,Foreign_Dealer_Self,0
2024-08-05,2488,0,Investment_Trust,0
2024-08-05,2488,5000,Dealer_self,31982
2024-08-05,2488,11000,Dealer_Hedging,11000
2024-08-06,2488,170000,Foreign_Investor,219000
2024-08-06,2488,0,Foreign_Dealer_Self,0
2024-08-06,2488,0,Investment_Trust,0
2024-08-06,2488,15054,Dealer_self,4436
2024-08-06,2488,0,Dealer_Hedging,0
2024-08-07,2488,145000,Foreign_Investor,54000
2024-08-07,2488,0,Foreign_Dealer_Self,0
2024-08-07,2488,0,Investment_Trust,0
2024-08-07,2488,0,Dealer_self,581
2024-08-07,2488,0,Dealer_Hedging,0
2024-08-08,2488,18000,Foreign_Investor,57000
2024-08-08,2488,0,Foreign_Dealer_Self,0
2024-08-08,2488,0,Investment_Trust,0
2024-08-08,2488,1000,Dealer_self,1920
2024-08-08,2488,0,Dealer_Hedging,0
2024-08-09,2488,62000,Foreign_Investor,109000
2024-08-09,2488,0,Foreign_Dealer_Self,0
2024-08-09,2488,0,Investment_Trust,0
2024-08-09,2488,1000,Dealer_self,3086
2024-08-09,2488,0,Dealer_Hedging,0
2024-08-12,2488,90000,Foreign_Investor,93000
2024-08-12,2488,0,Foreign_Dealer_Self,0
2024-08-12,2488,0,Investment_Trust,0
2024-08-12,2488,16481,Dealer_self,108
2024-08-12,2488,0,Dealer_Hedging,0
2024-08-13,2488,10000,Foreign_Investor,64000
2024-08-13,2488,0,Foreign_Dealer_Self,0
2024-08-13,2488,0,Investment_Trust,0
2024-08-13,2488,17000,Dealer_self,4000
2024-08-13,2488,0,Dealer_Hedging,0
2024-08-14,2488,12000,Foreign_Investor,66000
2024-08-14,2488,0,Foreign_Dealer_Self,0
2024-08-14,2488,0,Investment_Trust,0
2024-08-14,2488,19000,Dealer_self,17733
2024-08-14,2488,0,Dealer_Hedging,0
2024-08-15,2488,44000,Foreign_Investor,72000
2024-08-15,2488,0,Foreign_Dealer_Self,0
2024-08-15,2488,0,Investment_Trust,0
2024-08-15,2488,19000,Dealer_self,6112
2024-08-15,2488,0,Dealer_Hedging,0
2024-08-16,2488,32000,Foreign_Investor,90000
2024-08-16,2488,0,Foreign_Dealer_Self,0
2024-08-16,2488,0,Investment_Trust,0
2024-08-16,2488,2000,Dealer_self,140
2024-08-16,2488,0,Dealer_Hedging,0
2024-08-19,2488,12000,Foreign_Investor,51000
2024-08-19,2488,0,Foreign_Dealer_Self,0
2024-08-19,2488,0,Investment_Trust,0
2024-08-19,2488,0,Dealer_self,1017
2024-08-19,2488,0,Dealer_Hedging,0
2024-08-20,2488,177000,Foreign_Investor,15000
2024-08-20,2488,0,Foreign_Dealer_Self,0
2024-08-20,2488,0,Investment_Trust,0
2024-08-20,2488,15000,Dealer_self,0
2024-08-20,2488,0,Dealer_Hedging,0
2024-08-21,2488,20000,Foreign_Investor,27000
2024-08-21,2488,0,Foreign_Dealer_Self,0
2024-08-21,2488,0,Investment_Trust,0
2024-08-21,2488,15000,Dealer_self,0
2024-08-21,2488,0,Dealer_Hedging,0
2024-08-22,2488,241000,Foreign_Investor,67000
2024-08-22,2488,0,Foreign_Dealer_Self,0
2024-08-22,2488,0,Investment_Trust,0
2024-08-22,2488,0,Dealer_self,2001
2024-08-22,2488,0,Dealer_Hedging,0
2024-08-23,2488,100000,Foreign_Investor,98000
2024-08-23,2488,0,Foreign_Dealer_Self,0
2024-08-23,2488,0,Investment_Trust,0
2024-08-23,2488,14000,Dealer_self,0
2024-08-23,2488,0,Dealer_Hedging,0
2024-08-26,2488,42000,Foreign_Investor,10000
2024-08-26,2488,0,Foreign_Dealer_Self,0
2024-08-26,2488,0,Investment_Trust,0
2024-08-26,2488,0,Dealer_self,0
2024-08-26,2488,0,Dealer_Hedging,0
2024-08-27,2488,140000,Foreign_Investor,12000
2024-08-27,2488,0,Foreign_Dealer_Self,0
2024-08-27,2488,0,Investment_Trust,0
2024-08-27,2488,0,Dealer_self,12
2024-08-27,2488,0,Dealer_Hedging,0
2024-08-28,2488,104000,Foreign_Investor,23000
2024-08-28,2488,0,Foreign_Dealer_Self,0
2024-08-28,2488,0,Investment_Trust,0
2024-08-28,2488,10000,Dealer_self,0
2024-08-28,2488,0,Dealer_Hedging,0
2024-08-29,2488,48000,Foreign_Investor,28000
2024-08-29,2488,0,Foreign_Dealer_Self,0
2024-08-29,2488,0,Investment_Trust,0
2024-08-29,2488,0,Dealer_self,1000
2024-08-29,2488,0,Dealer_Hedging,0
2024-08-30,2488,131000,Foreign_Investor,121000
2024-08-30,2488,0,Foreign_Dealer_Self,0
2024-08-30,2488,0,Investment_Trust,0
2024-08-30,2488,1000,Dealer_self,16
2024-08-30,2488,0,Dealer_Hedging,0
2024-09-02,2488,243000,Foreign_Investor,52000
2024-09-02,2488,0,Foreign_Dealer_Self,0
2024-09-02,2488,0,Investment_Trust,0
2024-09-02,2488,14000,Dealer_self,1004
2024-09-02,2488,0,Dealer_Hedging,0
2024-09-03,2488,30000,Foreign_Investor,48200
2024-09-03,2488,0,Foreign_Dealer_Self,0
2024-09-03,2488,0,Investment_Trust,0
2024-09-03,2488,7000,Dealer_self,921
2024-09-03,2488,0,Dealer_Hedging,0
2024-09-04,2488,85000,Foreign_Investor,218000
2024-09-04,2488,0,Foreign_Dealer_Self,0
2024-09-04,2488,0,Investment_Trust,0
2024-09-04,2488,2000,Dealer_self,5000
2024-09-04,2488,0,Dealer_Hedging,0
2024-09-05,2488,22000,Foreign_Investor,107000
2024-09-05,2488,0,Foreign_Dealer_Self,0
2024-09-05,2488,0,Investment_Trust,0
2024-09-05,2488,9000,Dealer_self,2177
2024-09-05,2488,0,Dealer_Hedging,0
2024-09-06,2488,66000,Foreign_Investor,79000
2024-09-06,2488,0,Foreign_Dealer_Self,0
2024-09-06,2488,0,Investment_Trust,0
2024-09-06,2488,20000,Dealer_self,3130
2024-09-06,2488,0,Dealer_Hedging,0
2024-09-09,2488,59000,Foreign_Investor,87000
2024-09-09,2488,0,Foreign_Dealer_Self,0
2024-09-09,2488,0,Investment_Trust,0
2024-09-09,2488,3000,Dealer_self,22000
2024-09-09,2488,0,Dealer_Hedging,0
2024-09-10,2488,125000,Foreign_Investor,106000
2024-09-10,2488,0,Foreign_Dealer_Self,0
2024-09-10,2488,0,Investment_Trust,0
2024-09-10,2488,15000,Dealer_self,2061
2024-09-10,2488,0,Dealer_Hedging,0
2024-09-11,2488,1113000,Foreign_Investor,485000
2024-09-11,2488,0,Foreign_Dealer_Self,0
2024-09-11,2488,0,Investment_Trust,0
2024-09-11,2488,14000,Dealer_self,2454
2024-09-11,2488,0,Dealer_Hedging,6000
2024-09-12,2488,343000,Foreign_Investor,452000
2024-09-12,2488,0,Foreign_Dealer_Self,0
2024-09-12,2488,0,Investment_Trust,0
2024-09-12,2488,25000,Dealer_self,17000
2024-09-12,2488,0,Dealer_Hedging,0
2024-09-13,2488,400000,Foreign_Investor,298000
2024-09-13,2488,0,Foreign_Dealer_Self,0
2024-09-13,2488,0,Investment_Trust,0
2024-09-13,2488,19000,Dealer_self,1
2024-09-13,2488,0,Dealer_Hedging,0
2024-09-16,2488,199000,Foreign_Investor,362000
2024-09-16,2488,0,Foreign_Dealer_Self,0
2024-09-16,2488,0,Investment_Trust,0
2024-09-16,2488,9000,Dealer_self,701
2024-09-16,2488,0,Dealer_Hedging,0
2024-09-18,2488,216000,Foreign_Investor,437000
2024-09-18,2488,0,Foreign_Dealer_Self,0
2024-09-18,2488,0,Investment_Trust,0
2024-09-18,2488,5000,Dealer_self,12924
2024-09-18,2488,0,Dealer_Hedging,0
2024-09-19,2488,117000,Foreign_Investor,438000
2024-09-19,2488,0,Foreign_Dealer_Self,0
2024-09-19,2488,0,Investment_Trust,0
2024-09-19,2488,1000,Dealer_self,2367
2024-09-19,2488,0,Dealer_Hedging,0
2024-09-20,2488,69000,Foreign_Investor,343000
2024-09-20,2488,0,Foreign_Dealer_Self,0
2024-09-20,2488,0,Investment_Trust,0
2024-09-20,2488,8000,Dealer_self,3923
2024-09-20,2488,0,Dealer_Hedging,0
2024-09-23,2488,135000,Foreign_Investor,335000
2024-09-23,2488,0,Foreign_Dealer_Self,0
2024-09-23,2488,0,Investment_Trust,0
2024-09-23,2488,8000,Dealer_self,4710
2024-09-23,2488,0,Dealer_Hedging,0
2024-09-24,2488,693000,Foreign_Investor,513000
2024-09-24,2488,0,Foreign_Dealer_Self,0
2024-09-24,2488,0,Investment_Trust,0
2024-09-24,2488,23674,Dealer_self,1561
2024-09-24,2488,0,Dealer_Hedging,0
2024-09-25,2488,96000,Foreign_Investor,87000
2024-09-25,2488,0,Foreign_Dealer_Self,0
2024-09-25,2488,0,Investment_Trust,0
2024-09-25,2488,4000,Dealer_self,0
2024-09-25,2488,0,Dealer_Hedging,0
2024-09-26,2488,68000,Foreign_Investor,159000
2024-09-26,2488,0,Foreign_Dealer_Self,0
2024-09-26,2488,0,Investment_Trust,0
2024-09-26,2488,8000,Dealer_self,0
2024-09-26,2488,0,Dealer_Hedging,0
2024-09-27,2488,39000,Foreign_Investor,112000
2024-09-27,2488,0,Foreign_Dealer_Self,0
2024-09-27,2488,0,Investment_Trust,0
2024-09-27,2488,2000,Dealer_self,515
2024-09-27,2488,0,Dealer_Hedging,0
2024-09-30,2488,47000,Foreign_Investor,64000
2024-09-30,2488,0,Foreign_Dealer_Self,0
2024-09-30,2488,0,Investment_Trust,0
2024-09-30,2488,1000,Dealer_self,0
2024-09-30,2488,0,Dealer_Hedging,0
2024-10-01,2488,44000,Foreign_Investor,76000
2024-10-01,2488,0,Foreign_Dealer_Self,0
2024-10-01,2488,0,Investment_Trust,0
2024-10-01,2488,0,Dealer_self,15000
2024-10-01,2488,0,Dealer_Hedging,0
2024-10-04,2488,65000,Foreign_Investor,62000
2024-10-04,2488,0,Foreign_Dealer_Self,0
2024-10-04,2488,0,Investment_Trust,0
2024-10-04,2488,0,Dealer_self,2000
2024-10-04,2488,0,Dealer_Hedging,0
2024-10-07,2488,90000,Foreign_Investor,62000
2024-10-07,2488,0,Foreign_Dealer_Self,0
2024-10-07,2488,0,Investment_Trust,0
2024-10-07,2488,18000,Dealer_self,0
2024-10-07,2488,0,Dealer_Hedging,0
2024-10-08,2488,27000,Foreign_Investor,93000
2024-10-08,2488,0,Foreign_Dealer_Self,0
2024-10-08,2488,0,Investment_Trust,0
2024-10-08,2488,0,Dealer_self,2000
2024-10-08,2488,0,Dealer_Hedging,0
2024-10-09,2488,149000,Foreign_Investor,127000
2024-10-09,2488,0,Foreign_Dealer_Self,0
2024-10-09,2488,0,Investment_Trust,0
2024-10-09,2488,0,Dealer_self,22000
2024-10-09,2488,0,Dealer_Hedging,0
2024-10-11,2488,105000,Foreign_Investor,553000
2024-10-11,2488,0,Foreign_Dealer_Self,0
2024-10-11,2488,0,Investment_Trust,0
2024-10-11,2488,5000,Dealer_self,14598
2024-10-11,2488,0,Dealer_Hedging,0
2024-10-14,2488,187000,Foreign_Investor,58000
2024-10-14,2488,0,Foreign_Dealer_Self,0
2024-10-14,2488,0,Investment_Trust,0
2024-10-14,2488,1000,Dealer_self,4375
2024-10-14,2488,0,Dealer_Hedging,0
2024-10-15,2488,111000,Foreign_Investor,148000
2024-10-15,2488,0,Foreign_Dealer_Self,0
2024-10-15,2488,0,Investment_Trust,0
2024-10-15,2488,15000,Dealer_self,0
2024-10-15,2488,0,Dealer_Hedging,0
2024-10-16,2488,77000,Foreign_Investor,102000
2024-10-16,2488,0,Foreign_Dealer_Self,0
2024-10-16,2488,0,Investment_Trust,0
2024-10-16,2488,5000,Dealer_self,4000
2024-10-16,2488,0,Dealer_Hedging,0
2024-10-17,2488,19000,Foreign_Investor,25000
2024-10-17,2488,0,Foreign_Dealer_Self,0
2024-10-17,2488,0,Investment_Trust,0
2024-10-17,2488,5000,Dealer_self,107
2024-10-17,2488,0,Dealer_Hedging,0
2024-10-18,2488,8000,Foreign_Investor,131000
2024-10-18,2488,0,Foreign_Dealer_Self,0
2024-10-18,2488,0,Investment_Trust,0
2024-10-18,2488,5000,Dealer_self,0
2024-10-18,2488,0,Dealer_Hedging,0
2024-10-21,2488,12000,Foreign_Investor,28000
2024-10-21,2488,0,Foreign_Dealer_Self,0
2024-10-21,2488,0,Investment_Trust,0
2024-10-21,2488,3000,Dealer_self,1000
2024-10-21,2488,0,Dealer_Hedging,0
2024-10-22,2488,38000,Foreign_Investor,54000
2024-10-22,2488,0,Foreign_Dealer_Self,0
2024-10-22,2488,0,Investment_Trust,0
2024-10-22,2488,0,Dealer_self,0
2024-10-22,2488,0,Dealer_Hedging,0
2024-10-23,2488,126200,Foreign_Investor,79000
2024-10-23,2488,0,Foreign_Dealer_Self,0
2024-10-23,2488,0,Investment_Trust,0
2024-10-23,2488,0,Dealer_self,10000
2024-10-23,2488,0,Dealer_Hedging,0
2024-10-24,2488,201000,Foreign_Investor,64000
2024-10-24,2488,0,Foreign_Dealer_Self,0
2024-10-24,2488,0,Investment_Trust,0
2024-10-24,2488,45,Dealer_self,26000
2024-10-24,2488,0,Dealer_Hedging,0
2024-10-25,2488,191000,Foreign_Investor,68000
2024-10-25,2488,0,Foreign_Dealer_Self,0
2024-10-25,2488,0,Investment_Trust,0
2024-10-25,2488,0,Dealer_self,16747
2024-10-25,2488,0,Dealer_Hedging,0
2024-10-28,2488,90000,Foreign_Investor,47000
2024-10-28,2488,0,Foreign_Dealer_Self,0
2024-10-28,2488,0,Investment_Trust,0
2024-10-28,2488,7160,Dealer_self,1000
2024-10-28,2488,0,Dealer_Hedging,0
2024-10-29,2488,43000,Foreign_Investor,28000
2024-10-29,2488,0,Foreign_Dealer_Self,0
2024-10-29,2488,0,Investment_Trust,0
2024-10-29,2488,0,Dealer_self,0
2024-10-29,2488,0,Dealer_Hedging,0
2024-10-30,2488,19000,Foreign_Investor,63000
2024-10-30,2488,0,Foreign_Dealer_Self,0
2024-10-30,2488,0,Investment_Trust,0
2024-10-30,2488,7000,Dealer_self,537
2024-10-30,2488,0,Dealer_Hedging,0
2024-11-01,2488,86000,Foreign_Investor,56000
2024-11-01,2488,0,Foreign_Dealer_Self,0
2024-11-01,2488,0,Investment_Trust,0
2024-11-01,2488,0,Dealer_self,7003
2024-11-01,2488,0,Dealer_Hedging,0
2024-11-04,2488,58000,Foreign_Investor,145000
2024-11-04,2488,0,Foreign_Dealer_Self,0
2024-11-04,2488,0,Investment_Trust,0
2024-11-04,2488,0,Dealer_self,0
2024-11-04,2488,0,Dealer_Hedging,0
2024-11-05,2488,114000,Foreign_Investor,344000
2024-11-05,2488,0,Foreign_Dealer_Self,0
2024-11-05,2488,0,Investment_Trust,0
2024-11-05,2488,1000,Dealer_self,1170
2024-11-05,2488,0,Dealer_Hedging,0
2024-11-06,2488,65000,Foreign_Investor,74000
2024-11-06,2488,0,Foreign_Dealer_Self,0
2024-11-06,2488,0,Investment_Trust,0
2024-11-06,2488,0,Dealer_self,360
2024-11-06,2488,0,Dealer_Hedging,0
2024-11-07,2488,106000,Foreign_Investor,38000
2024-11-07,2488,0,Foreign_Dealer_Self,0
2024-11-07,2488,0,Investment_Trust,0
2024-11-07,2488,11000,Dealer_self,0
2024-11-07,2488,0,Dealer_Hedging,0
2024-11-08,2488,29000,Foreign_Investor,181000
2024-11-08,2488,0,Foreign_Dealer_Self,0
2024-11-08,2488,0,Investment_Trust,0
2024-11-08,2488,1000,Dealer_self,834
2024-11-08,2488,0,Dealer_Hedging,0
2024-11-11,2488,1192000,Foreign_Investor,280000
2024-11-11,2488,0,Foreign_Dealer_Self,0
2024-11-11,2488,0,Investment_Trust,0
2024-11-11,2488,2000,Dealer_self,5050
2024-11-11,2488,0,Dealer_Hedging,0
2024-11-12,2488,265000,Foreign_Investor,339000
2024-11-12,2488,0,Foreign_Dealer_Self,0
2024-11-12,2488,0,Investment_Trust,0
2024-11-12,2488,7000,Dealer_self,16000
2024-11-12,2488,0,Dealer_Hedging,0
2024-11-13,2488,125000,Foreign_Investor,103000
2024-11-13,2488,0,Foreign_Dealer_Self,0
2024-11-13,2488,0,Investment_Trust,0
2024-11-13,2488,7000,Dealer_self,8000
2024-11-13,2488,0,Dealer_Hedging,0
2024-11-14,2488,147000,Foreign_Investor,230000
2024-11-14,2488,0,Foreign_Dealer_Self,0
2024-11-14,2488,0,Investment_Trust,0
2024-11-14,2488,23000,Dealer_self,5000
2024-11-14,2488,0,Dealer_Hedging,0
2024-11-15,2488,628000,Foreign_Investor,425000
2024-11-15,2488,0,Foreign_Dealer_Self,0
2024-11-15,2488,0,Investment_Trust,0
2024-11-15,2488,27000,Dealer_self,0
2024-11-15,2488,0,Dealer_Hedging,0
2024-11-18,2488,531000,Foreign_Investor,194000
2024-11-18,2488,0,Foreign_Dealer_Self,0
2024-11-18,2488,0,Investment_Trust,0
2024-11-18,2488,119000,Dealer_self,2878
2024-11-18,2488,0,Dealer_Hedging,0
2024-11-19,2488,652000,Foreign_Investor,425000
2024-11-19,2488,0,Foreign_Dealer_Self,0
2024-11-19,2488,0,Investment_Trust,0
2024-11-19,2488,8000,Dealer_self,0
2024-11-19,2488,0,Dealer_Hedging,0
2024-11-20,2488,250000,Foreign_Investor,212000
2024-11-20,2488,0,Foreign_Dealer_Self,0
2024-11-20,2488,0,Investment_Trust,0
2024-11-20,2488,65000,Dealer_self,1000
2024-11-20,2488,0,Dealer_Hedging,0
2024-11-21,2488,127000,Foreign_Investor,61000
2024-11-21,2488,0,Foreign_Dealer_Self,0
2024-11-21,2488,0,Investment_Trust,0
2024-11-21,2488,6000,Dealer_self,0
2024-11-21,2488,0,Dealer_Hedging,0
2024-11-22,2488,373000,Foreign_Investor,66000
2024-11-22,2488,0,Foreign_Dealer_Self,0
2024-11-22,2488,0,Investment_Trust,0
2024-11-22,2488,1000,Dealer_self,0
2024-11-22,2488,0,Dealer_Hedging,0
2024-11-25,2488,377000,Foreign_Investor,141000
2024-11-25,2488,0,Foreign_Dealer_Self,0
2024-11-25,2488,0,Investment_Trust,0
2024-11-25,2488,48000,Dealer_self,0
2024-11-25,2488,0,Dealer_Hedging,0
2024-11-26,2488,339000,Foreign_Investor,84000
2024-11-26,2488,0,Foreign_Dealer_Self,0
2024-11-26,2488,0,Investment_Trust,0
2024-11-26,2488,17000,Dealer_self,76
2024-11-26,2488,0,Dealer_Hedging,0
2024-11-27,2488,1373000,Foreign_Investor,577000
2024-11-27,2488,0,Foreign_Dealer_Self,0
2024-11-27,2488,0,Investment_Trust,0
2024-11-27,2488,36119,Dealer_self,8431
2024-11-27,2488,0,Dealer_Hedging,0
2024-11-28,2488,530000,Foreign_Investor,202000
2024-11-28,2488,0,Foreign_Dealer_Self,0
2024-11-28,2488,0,Investment_Trust,0
2024-11-28,2488,8000,Dealer_self,69001
2024-11-28,2488,0,Dealer_Hedging,0
2024-11-29,2488,257000,Foreign_Investor,153000
2024-11-29,2488,0,Foreign_Dealer_Self,0
2024-11-29,2488,0,Investment_Trust,0
2024-11-29,2488,1000,Dealer_self,30000
2024-11-29,2488,0,Dealer_Hedging,0
2024-12-02,2488,197000,Foreign_Investor,325000
2024-12-02,2488,0,Foreign_Dealer_Self,0
2024-12-02,2488,0,Investment_Trust,0
2024-12-02,2488,2000,Dealer_self,1116
2024-12-02,2488,0,Dealer_Hedging,0
2024-12-03,2488,398000,Foreign_Investor,273000
2024-12-03,2488,0,Foreign_Dealer_Self,0
2024-12-03,2488,0,Investment_Trust,0
2024-12-03,2488,9000,Dealer_self,9000
2024-12-03,2488,0,Dealer_Hedging,0
2024-12-04,2488,219000,Foreign_Investor,145000
2024-12-04,2488,0,Foreign_Dealer_Self,0
2024-12-04,2488,0,Investment_Trust,0
2024-12-04,2488,16000,Dealer_self,24940
2024-12-04,2488,0,Dealer_Hedging,0
2024-12-05,2488,130000,Foreign_Investor,75000
2024-12-05,2488,0,Foreign_Dealer_Self,0
2024-12-05,2488,0,Investment_Trust,0
2024-12-05,2488,7000,Dealer_self,3615
2024-12-05,2488,0,Dealer_Hedging,0
2024-12-06,2488,103000,Foreign_Investor,49000
2024-12-06,2488,0,Foreign_Dealer_Self,0
2024-12-06,2488,0,Investment_Trust,0
2024-12-06,2488,0,Dealer_self,21159
2024-12-06,2488,0,Dealer_Hedging,0
2024-12-09,2488,160001,Foreign_Investor,216000
2024-12-09,2488,0,Foreign_Dealer_Self,0
2024-12-09,2488,0,Investment_Trust,0
2024-12-09,2488,3000,Dealer_self,7502
2024-12-09,2488,0,Dealer_Hedging,0
2024-12-10,2488,66000,Foreign_Investor,205000
2024-12-10,2488,0,Foreign_Dealer_Self,0
2024-12-10,2488,0,Investment_Trust,0
2024-12-10,2488,0,Dealer_self,10000
2024-12-10,2488,0,Dealer_Hedging,0
2024-12-11,2488,852000,Foreign_Investor,503000
2024-12-11,2488,0,Foreign_Dealer_Self,0
2024-12-11,2488,0,Investment_Trust,0
2024-12-11,2488,1000,Dealer_self,24202
2024-12-11,2488,0,Dealer_Hedging,0
2024-12-12,2488,144000,Foreign_Investor,260000
2024-12-12,2488,0,Foreign_Dealer_Self,0
2024-12-12,2488,0,Investment_Trust,0
2024-12-12,2488,3000,Dealer_self,1867
2024-12-12,2488,0,Dealer_Hedging,0
2024-12-13,2488,208000,Foreign_Investor,171000
2024-12-13,2488,0,Foreign_Dealer_Self,0
2024-12-13,2488,0,Investment_Trust,0
2024-12-13,2488,5000,Dealer_self,6135
2024-12-13,2488,0,Dealer_Hedging,0
2024-12-16,2488,307000,Foreign_Investor,53000
2024-12-16,2488,0,Foreign_Dealer_Self,0
2024-12-16,2488,0,Investment_Trust,0
2024-12-16,2488,30000,Dealer_self,55122
2024-12-16,2488,0,Dealer_Hedging,0
2024-12-17,2488,53000,Foreign_Investor,158000
2024-12-17,2488,0,Foreign_Dealer_Self,0
2024-12-17,2488,0,Investment_Trust,0
2024-12-17,2488,4000,Dealer_self,1395
2024-12-17,2488,0,Dealer_Hedging,0
2024-12-18,2488,265000,Foreign_Investor,51000
2024-12-18,2488,0,Foreign_Dealer_Self,0
2024-12-18,2488,0,Investment_Trust,0
2024-12-18,2488,0,Dealer_self,2044
2024-12-18,2488,0,Dealer_Hedging,0
2024-12-19,2488,174000,Foreign_Investor,148000
2024-12-19,2488,0,Foreign_Dealer_Self,0
2024-12-19,2488,0,Investment_Trust,0
2024-12-19,2488,13000,Dealer_self,2593
2024-12-19,2488,0,Dealer_Hedging,0
2024-12-20,2488,117000,Foreign_Investor,111000
2024-12-20,2488,0,Foreign_Dealer_Self,0
2024-12-20,2488,0,Investment_Trust,0
2024-12-20,2488,2000,Dealer_self,2432
2024-12-20,2488,0,Dealer_Hedging,0
2024-12-23,2488,204000,Foreign_Investor,126000
2024-12-23,2488,0,Foreign_Dealer_Self,0
2024-12-23,2488,0,Investment_Trust,0
2024-12-23,2488,9000,Dealer_self,1340
2024-12-23,2488,0,Dealer_Hedging,0
2024-12-24,2488,72000,Foreign_Investor,89000
2024-12-24,2488,0,Foreign_Dealer_Self,0
2024-12-24,2488,0,Investment_Trust,0
2024-12-24,2488,4000,Dealer_self,2220
2024-12-24,2488,0,Dealer_Hedging,0
2024-12-25,2488,140000,Foreign_Investor,87000
2024-12-25,2488,0,Foreign_Dealer_Self,0
2024-12-25,2488,0,Investment_Trust,0
2024-12-25,2488,6000,Dealer_self,2000
2024-12-25,2488,0,Dealer_Hedging,0
2024-12-26,2488,93000,Foreign_Investor,138000
2024-12-26,2488,0,Foreign_Dealer_Self,0
2024-12-26,2488,0,Investment_Trust,0
2024-12-26,2488,4000,Dealer_self,3034
2024-12-26,2488,0,Dealer_Hedging,0
2024-12-27,2488,97000,Foreign_Investor,82000
2024-12-27,2488,0,Foreign_Dealer_Self,0
2024-12-27,2488,0,Investment_Trust,0
2024-12-27,2488,19000,Dealer_self,5005
2024-12-27,2488,0,Dealer_Hedging,5000
2024-12-30,2488,50000,Foreign_Investor,214000
2024-12-30,2488,0,Foreign_Dealer_Self,0
2024-12-30,2488,0,Investment_Trust,0
2024-12-30,2488,3000,Dealer_self,4397
2024-12-30,2488,0,Dealer_Hedging,0
2024-12-31,2488,112000,Foreign_Investor,92000
2024-12-31,2488,0,Foreign_Dealer_Self,0
2024-12-31,2488,0,Investment_Trust,0
2024-12-31,2488,10001,Dealer_self,1000
2024-12-31,2488,0,Dealer_Hedging,0
2025-01-02,2488,70000,Foreign_Investor,96000
2025-01-02,2488,0,Foreign_Dealer_Self,0
2025-01-02,2488,0,Investment_Trust,0
2025-01-02,2488,0,Dealer_self,5550
2025-01-02,2488,0,Dealer_Hedging,0
2025-01-03,2488,191000,Foreign_Investor,131000
2025-01-03,2488,0,Foreign_Dealer_Self,0
2025-01-03,2488,0,Investment_Trust,0
2025-01-03,2488,23000,Dealer_self,6092
2025-01-03,2488,0,Dealer_Hedging,0
2025-01-06,2488,149000,Foreign_Investor,95000
2025-01-06,2488,0,Foreign_Dealer_Self,0
2025-01-06,2488,0,Investment_Trust,0
2025-01-06,2488,17000,Dealer_self,38499
2025-01-06,2488,0,Dealer_Hedging,0
2025-01-07,2488,70000,Foreign_Investor,162000
2025-01-07,2488,0,Foreign_Dealer_Self,0
2025-01-07,2488,0,Investment_Trust,0
2025-01-07,2488,1000,Dealer_self,994
2025-01-07,2488,0,Dealer_Hedging,0
2025-01-08,2488,44000,Foreign_Investor,61000
2025-01-08,2488,0,Foreign_Dealer_Self,0
2025-01-08,2488,0,Investment_Trust,0
2025-01-08,2488,2000,Dealer_self,19391
2025-01-08,2488,0,Dealer_Hedging,0
2025-01-09,2488,125000,Foreign_Investor,133000
2025-01-09,2488,0,Foreign_Dealer_Self,0
2025-01-09,2488,0,Investment_Trust,0
2025-01-09,2488,6000,Dealer_self,67747
2025-01-09,2488,0,Dealer_Hedging,0
2025-01-10,2488,133000,Foreign_Investor,62000
2025-01-10,2488,0,Foreign_Dealer_Self,0
2025-01-10,2488,0,Investment_Trust,0
2025-01-10,2488,15000,Dealer_self,36690
2025-01-10,2488,0,Dealer_Hedging,0
2025-01-13,2488,798500,Foreign_Investor,419000
2025-01-13,2488,0,Foreign_Dealer_Self,0
2025-01-13,2488,0,Investment_Trust,0
2025-01-13,2488,24283,Dealer_self,10388
2025-01-13,2488,0,Dealer_Hedging,0
2025-01-14,2488,134000,Foreign_Investor,176000
2025-01-14,2488,0,Foreign_Dealer_Self,0
2025-01-14,2488,0,Investment_Trust,0
2025-01-14,2488,7000,Dealer_self,37000
2025-01-14,2488,0,Dealer_Hedging,0
2025-01-15,2488,88001,Foreign_Investor,127000
2025-01-15,2488,0,Foreign_Dealer_Self,0
2025-01-15,2488,0,Investment_Trust,0
2025-01-15,2488,0,Dealer_self,19000
2025-01-15,2488,0,Dealer_Hedging,0
2025-01-16,2488,202000,Foreign_Investor,52000
2025-01-16,2488,0,Foreign_Dealer_Self,0
2025-01-16,2488,0,Investment_Trust,0
2025-01-16,2488,2000,Dealer_self,10000
2025-01-16,2488,0,Dealer_Hedging,0
2025-01-17,2488,116000,Foreign_Investor,113000
2025-01-17,2488,0,Foreign_Dealer_Self,0
2025-01-17,2488,0,Investment_Trust,0
2025-01-17,2488,0,Dealer_self,0
2025-01-17,2488,0,Dealer_Hedging,0
2025-01-20,2488,65000,Foreign_Investor,72000
2025-01-20,2488,0,Foreign_Dealer_Self,0
2025-01-20,2488,0,Investment_Trust,0
2025-01-20,2488,12000,Dealer_self,0
2025-01-20,2488,0,Dealer_Hedging,0
2025-01-21,2488,31000,Foreign_Investor,36000
2025-01-21,2488,0,Foreign_Dealer_Self,0
2025-01-21,2488,0,Investment_Trust,0
2025-01-21,2488,1000,Dealer_self,0
2025-01-21,2488,0,Dealer_Hedging,0
2025-01-22,2488,107000,Foreign_Investor,38000
2025-01-22,2488,0,Foreign_Dealer_Self,0
2025-01-22,2488,0,Investment_Trust,0
2025-01-22,2488,1000,Dealer_self,0
2025-01-22,2488,0,Dealer_Hedging,0
2025-02-03,2488,226000,Foreign_Investor,102000
2025-02-03,2488,0,Foreign_Dealer_Self,0
2025-02-03,2488,0,Investment_Trust,0
2025-02-03,2488,3000,Dealer_self,10000
2025-02-03,2488,0,Dealer_Hedging,0
2025-02-04,2488,235001,Foreign_Investor,217000
2025-02-04,2488,0,Foreign_Dealer_Self,0
2025-02-04,2488,0,Investment_Trust,0
2025-02-04,2488,14000,Dealer_self,4058
2025-02-04,2488,0,Dealer_Hedging,0
2025-02-05,2488,148000,Foreign_Investor,47000
2025-02-05,2488,0,Foreign_Dealer_Self,0
2025-02-05,2488,0,Investment_Trust,0
2025-02-05,2488,9000,Dealer_self,28000
2025-02-05,2488,0,Dealer_Hedging,0
2025-02-06,2488,189000,Foreign_Investor,43000
2025-02-06,2488,0,Foreign_Dealer_Self,0
2025-02-06,2488,0,Investment_Trust,0
2025-02-06,2488,51000,Dealer_self,5000
2025-02-06,2488,0,Dealer_Hedging,0
2025-02-07,2488,36000,Foreign_Investor,166000
2025-02-07,2488,0,Foreign_Dealer_Self,0
2025-02-07,2488,0,Investment_Trust,0
2025-02-07,2488,1000,Dealer_self,0
2025-02-07,2488,0,Dealer_Hedging,0
2025-02-10,2488,209000,Foreign_Investor,109000
2025-02-10,2488,0,Foreign_Dealer_Self,0
2025-02-10,2488,0,Investment_Trust,0
2025-02-10,2488,53000,Dealer_self,3000
2025-02-10,2488,0,Dealer_Hedging,0
2025-02-11,2488,202000,Foreign_Investor,816000
2025-02-11,2488,0,Foreign_Dealer_Self,0
2025-02-11,2488,0,Investment_Trust,0
2025-02-11,2488,11000,Dealer_self,44892
2025-02-11,2488,0,Dealer_Hedging,0
2025-02-12,2488,75000,Foreign_Investor,206000
2025-02-12,2488,0,Foreign_Dealer_Self,0
2025-02-12,2488,0,Investment_Trust,0
2025-02-12,2488,0,Dealer_self,12000
2025-02-12,2488,0,Dealer_Hedging,0
2025-02-13,2488,71000,Foreign_Investor,131000
2025-02-13,2488,0,Foreign_Dealer_Self,0
2025-02-13,2488,0,Investment_Trust,0
2025-02-13,2488,3000,Dealer_self,0
2025-02-13,2488,0,Dealer_Hedging,0
2025-02-14,2488,124000,Foreign_Investor,105000
2025-02-14,2488,0,Foreign_Dealer_Self,0
2025-02-14,2488,0,Investment_Trust,0
2025-02-14,2488,10000,Dealer_self,212
2025-02-14,2488,0,Dealer_Hedging,0
2025-02-17,2488,176000,Foreign_Investor,53000
2025-02-17,2488,0,Foreign_Dealer_Self,0
2025-02-17,2488,0,Investment_Trust,0
2025-02-17,2488,16000,Dealer_self,1000
2025-02-17,2488,0,Dealer_Hedging,0
2025-02-18,2488,695000,Foreign_Investor,75000
2025-02-18,2488,0,Foreign_Dealer_Self,0
2025-02-18,2488,0,Investment_Trust,0
2025-02-18,2488,2000,Dealer_self,4000
2025-02-18,2488,0,Dealer_Hedging,0
2025-02-19,2488,159000,Foreign_Investor,116000
2025-02-19,2488,0,Foreign_Dealer_Self,0
2025-02-19,2488,0,Investment_Trust,0
2025-02-19,2488,2000,Dealer_self,4000
2025-02-19,2488,0,Dealer_Hedging,0
2025-02-20,2488,177800,Foreign_Investor,200000
2025-02-20,2488,0,Foreign_Dealer_Self,0
2025-02-20,2488,0,Investment_Trust,0
2025-02-20,2488,1000,Dealer_self,0
2025-02-20,2488,0,Dealer_Hedging,0
2025-02-21,2488,208000,Foreign_Investor,163000
2025-02-21,2488,0,Foreign_Dealer_Self,0
2025-02-21,2488,0,Investment_Trust,0
2025-02-21,2488,0,Dealer_self,16000
2025-02-21,2488,0,Dealer_Hedging,0
2025-02-24,2488,354738,Foreign_Investor,1371000
2025-02-24,2488,0,Foreign_Dealer_Self,0
2025-02-24,2488,0,Investment_Trust,0
2025-02-24,2488,32000,Dealer_self,18802
2025-02-24,2488,0,Dealer_Hedging,0
2025-02-25,2488,231000,Foreign_Investor,361000
2025-02-25,2488,0,Foreign_Dealer_Self,0
2025-02-25,2488,0,Investment_Trust,0
2025-02-25,2488,10000,Dealer_self,12311
2025-02-25,2488,0,Dealer_Hedging,0
2025-02-26,2488,87000,Foreign_Investor,359000
2025-02-26,2488,0,Foreign_Dealer_Self,0
2025-02-26,2488,0,Investment_Trust,0
2025-02-26,2488,6000,Dealer_self,6676
2025-02-26,2488,0,Dealer_Hedging,0
2025-02-27,2488,86010,Foreign_Investor,190000
2025-02-27,2488,0,Foreign_Dealer_Self,0
2025-02-27,2488,0,Investment_Trust,0
2025-02-27,2488,3000,Dealer_self,52400
2025-02-27,2488,0,Dealer_Hedging,0
2025-03-03,2488,42000,Foreign_Investor,418000
2025-03-03,2488,0,Foreign_Dealer_Self,0
2025-03-03,2488,0,Investment_Trust,0
2025-03-03,2488,16000,Dealer_self,20308
2025-03-03,2488,0,Dealer_Hedging,0
2025-03-04,2488,48000,Foreign_Investor,195000
2025-03-04,2488,0,Foreign_Dealer_Self,0
2025-03-04,2488,0,Investment_Trust,0
2025-03-04,2488,9000,Dealer_self,1441
2025-03-04,2488,0,Dealer_Hedging,0
2025-03-05,2488,21000,Foreign_Investor,91000
2025-03-05,2488,0,Foreign_Dealer_Self,0
2025-03-05,2488,0,Investment_Trust,0
2025-03-05,2488,1000,Dealer_self,1101
2025-03-05,2488,0,Dealer_Hedging,0
2025-03-06,2488,45000,Foreign_Investor,106000
2025-03-06,2488,0,Foreign_Dealer_Self,0
2025-03-06,2488,0,Investment_Trust,0
2025-03-06,2488,6000,Dealer_self,452
2025-03-06,2488,0,Dealer_Hedging,0
2025-03-07,2488,58000,Foreign_Investor,125000
2025-03-07,2488,0,Foreign_Dealer_Self,0
2025-03-07,2488,0,Investment_Trust,0
2025-03-07,2488,3000,Dealer_self,2551
2025-03-07,2488,0,Dealer_Hedging,0
2025-03-10,2488,42000,Foreign_Investor,119000
2025-03-10,2488,0,Foreign_Dealer_Self,0
2025-03-10,2488,0,Investment_Trust,0
2025-03-10,2488,5000,Dealer_self,1175
2025-03-10,2488,0,Dealer_Hedging,0
2025-03-11,2488,92000,Foreign_Investor,150000
2025-03-11,2488,0,Foreign_Dealer_Self,0
2025-03-11,2488,0,Investment_Trust,0
2025-03-11,2488,5000,Dealer_self,5802
2025-03-11,2488,0,Dealer_Hedging,0
2025-03-12,2488,56000,Foreign_Investor,86000
2025-03-12,2488,0,Foreign_Dealer_Self,0
2025-03-12,2488,0,Investment_Trust,0
2025-03-12,2488,1000,Dealer_self,17000
2025-03-12,2488,0,Dealer_Hedging,0
2025-03-13,2488,17000,Foreign_Investor,136000
2025-03-13,2488,0,Foreign_Dealer_Self,0
2025-03-13,2488,0,Investment_Trust,0
2025-03-13,2488,0,Dealer_self,115
2025-03-13,2488,0,Dealer_Hedging,0
2025-03-14,2488,84000,Foreign_Investor,80000
2025-03-14,2488,0,Foreign_Dealer_Self,0
2025-03-14,2488,0,Investment_Trust,0
2025-03-14,2488,2000,Dealer_self,829
2025-03-14,2488,0,Dealer_Hedging,0
2025-03-17,2488,22000,Foreign_Investor,39000
2025-03-17,2488,0,Foreign_Dealer_Self,0
2025-03-17,2488,0,Investment_Trust,0
2025-03-17,2488,2000,Dealer_self,354
2025-03-17,2488,0,Dealer_Hedging,0
2025-03-18,2488,61000,Foreign_Investor,150000
2025-03-18,2488,0,Foreign_Dealer_Self,0
2025-03-18,2488,0,Investment_Trust,0
2025-03-18,2488,1000,Dealer_self,4014
2025-03-18,2488,0,Dealer_Hedging,0
2025-03-19,2488,24000,Foreign_Investor,29000
2025-03-19,2488,0,Foreign_Dealer_Self,0
2025-03-19,2488,0,Investment_Trust,0
2025-03-19,2488,11000,Dealer_self,10390
2025-03-19,2488,0,Dealer_Hedging,0
2025-03-20,2488,41000,Foreign_Investor,14000
2025-03-20,2488,0,Foreign_Dealer_Self,0
2025-03-20,2488,0,Investment_Trust,0
2025-03-20,2488,5000,Dealer_self,28
2025-03-20,2488,0,Dealer_Hedging,0
2025-03-21,2488,96000,Foreign_Investor,49000
2025-03-21,2488,0,Foreign_Dealer_Self,0
2025-03-21,2488,0,Investment_Trust,0
2025-03-21,2488,0,Dealer_self,1111
2025-03-21,2488,0,Dealer_Hedging,0
2025-03-24,2488,5000,Foreign_Investor,127000
2025-03-24,2488,0,Foreign_Dealer_Self,0
2025-03-24,2488,0,Investment_Trust,0
2025-03-24,2488,1000,Dealer_self,36472
2025-03-24,2488,0,Dealer_Hedging,0
2025-03-25,2488,6000,Foreign_Investor,124000
2025-03-25,2488,0,Foreign_Dealer_Self,0
2025-03-25,2488,0,Investment_Trust,0
2025-03-25,2488,1000,Dealer_self,744
2025-03-25,2488,0,Dealer_Hedging,0
2025-03-26,2488,49000,Foreign_Investor,34800
2025-03-26,2488,0,Foreign_Dealer_Self,0
2025-03-26,2488,0,Investment_Trust,0
2025-03-26,2488,6000,Dealer_self,210
2025-03-26,2488,0,Dealer_Hedging,0
2025-03-27,2488,14000,Foreign_Investor,261000
2025-03-27,2488,0,Foreign_Dealer_Self,0
2025-03-27,2488,0,Investment_Trust,0
2025-03-27,2488,5000,Dealer_self,22479
2025-03-27,2488,0,Dealer_Hedging,0
2025-03-28,2488,31000,Foreign_Investor,106000
2025-03-28,2488,0,Foreign_Dealer_Self,0
2025-03-28,2488,0,Investment_Trust,0
2025-03-28,2488,3000,Dealer_self,12490
2025-03-28,2488,0,Dealer_Hedging,0
2025-03-31,2488,70000,Foreign_Investor,113000
2025-03-31,2488,0,Foreign_Dealer_Self,0
2025-03-31,2488,0,Investment_Trust,0
2025-03-31,2488,15000,Dealer_self,4764
2025-03-31,2488,0,Dealer_Hedging,0
2025-04-01,2488,74000,Foreign_Investor,55500
2025-04-01,2488,0,Foreign_Dealer_Self,0
2025-04-01,2488,0,Investment_Trust,0
2025-04-01,2488,10000,Dealer_self,2673
2025-04-01,2488,0,Dealer_Hedging,0
2025-04-02,2488,39000,Foreign_Investor,166000
2025-04-02,2488,0,Foreign_Dealer_Self,0
2025-04-02,2488,0,Investment_Trust,0
2025-04-02,2488,6000,Dealer_self,3737
2025-04-02,2488,0,Dealer_Hedging,0
2025-04-08,2488,232000,Foreign_Investor,155000
2025-04-08,2488,0,Foreign_Dealer_Self,0
2025-04-08,2488,0,Investment_Trust,0
2025-04-08,2488,64000,Dealer_self,47401
2025-04-08,2488,0,Dealer_Hedging,0
2025-04-09,2488,359000,Foreign_Investor,282000
2025-04-09,2488,0,Foreign_Dealer_Self,0
2025-04-09,2488,0,Investment_Trust,0
2025-04-09,2488,24000,Dealer_self,16665
2025-04-09,2488,0,Dealer_Hedging,0
2025-04-10,2488,63000,Foreign_Investor,13000
2025-04-10,2488,0,Foreign_Dealer_Self,0
2025-04-10,2488,0,Investment_Trust,0
2025-04-10,2488,0,Dealer_self,0
2025-04-10,2488,0,Dealer_Hedging,0
2025-04-11,2488,123122,Foreign_Investor,178000
2025-04-11,2488,0,Foreign_Dealer_Self,0
2025-04-11,2488,0,Investment_Trust,0
2025-04-11,2488,4117,Dealer_self,5936
2025-04-11,2488,0,Dealer_Hedging,0
2025-04-14,2488,45034,Foreign_Investor,133122
2025-04-14,2488,0,Foreign_Dealer_Self,0
2025-04-14,2488,0,Investment_Trust,0
2025-04-14,2488,0,Dealer_self,4771
2025-04-14,2488,0,Dealer_Hedging,0
2025-04-15,2488,138000,Foreign_Investor,75700
2025-04-15,2488,0,Foreign_Dealer_Self,0
2025-04-15,2488,0,Investment_Trust,0
2025-04-15,2488,7000,Dealer_self,4874
2025-04-15,2488,0,Dealer_Hedging,0
2025-04-16,2488,41001,Foreign_Investor,148000
2025-04-16,2488,0,Foreign_Dealer_Self,0
2025-04-16,2488,0,Investment_Trust,0
2025-04-16,2488,1000,Dealer_self,6171
2025-04-16,2488,0,Dealer_Hedging,0
2025-04-17,2488,32331,Foreign_Investor,166000
2025-04-17,2488,0,Foreign_Dealer_Self,0
2025-04-17,2488,0,Investment_Trust,0
2025-04-17,2488,1000,Dealer_self,3211
2025-04-17,2488,0,Dealer_Hedging,0
2025-04-18,2488,19000,Foreign_Investor,74000
2025-04-18,2488,0,Foreign_Dealer_Self,0
2025-04-18,2488,0,Investment_Trust,0
2025-04-18,2488,0,Dealer_self,9000
2025-04-18,2488,0,Dealer_Hedging,0
2025-04-21,2488,44100,Foreign_Investor,88000
2025-04-21,2488,0,Foreign_Dealer_Self,0
2025-04-21,2488,0,Investment_Trust,0
2025-04-21,2488,8000,Dealer_self,15887
2025-04-21,2488,0,Dealer_Hedging,0
2025-04-22,2488,103095,Foreign_Investor,83034
2025-04-22,2488,0,Foreign_Dealer_Self,0
2025-04-22,2488,0,Investment_Trust,0
2025-04-22,2488,15000,Dealer_self,12777
2025-04-22,2488,0,Dealer_Hedging,0
2025-04-23,2488,143017,Foreign_Investor,54000
2025-04-23,2488,0,Foreign_Dealer_Self,0
2025-04-23,2488,0,Investment_Trust,0
2025-04-23,2488,1000,Dealer_self,14209
2025-04-23,2488,0,Dealer_Hedging,0
2025-04-24,2488,102009,Foreign_Investor,63000
2025-04-24,2488,0,Foreign_Dealer_Self,0
2025-04-24,2488,0,Investment_Trust,0
2025-04-24,2488,5000,Dealer_self,13000
2025-04-24,2488,0,Dealer_Hedging,0
2025-04-25,2488,22000,Foreign_Investor,40121
2025-04-25,2488,0,Foreign_Dealer_Self,0
2025-04-25,2488,0,Investment_Trust,0
2025-04-25,2488,1000,Dealer_self,11835
2025-04-25,2488,0,Dealer_Hedging,0
2025-04-28,2488,47099,Foreign_Investor,27000
2025-04-28,2488,0,Foreign_Dealer_Self,0
2025-04-28,2488,0,Investment_Trust,0
2025-04-28,2488,0,Dealer_self,234
2025-04-28,2488,0,Dealer_Hedging,0
2025-04-29,2488,91043,Foreign_Investor,43000
2025-04-29,2488,0,Foreign_Dealer_Self,0
2025-04-29,2488,0,Investment_Trust,0
2025-04-29,2488,0,Dealer_self,0
2025-04-29,2488,0,Dealer_Hedging,0
2025-04-30,2488,12000,Foreign_Investor,89032
2025-04-30,2488,0,Foreign_Dealer_Self,0
2025-04-30,2488,0,Investment_Trust,0
2025-04-30,2488,0,Dealer_self,2000
2025-04-30,2488,0,Dealer_Hedging,0
2025-05-02,2488,48000,Foreign_Investor,80110
2025-05-02,2488,0,Foreign_Dealer_Self,0
2025-05-02,2488,0,Investment_Trust,0
2025-05-02,2488,0,Dealer_self,10000
2025-05-02,2488,0,Dealer_Hedging,0
2025-05-05,2488,25374,Foreign_Investor,203000
2025-05-05,2488,0,Foreign_Dealer_Self,0
2025-05-05,2488,0,Investment_Trust,0
2025-05-05,2488,2000,Dealer_self,2782
2025-05-05,2488,0,Dealer_Hedging,0
2025-05-06,2488,23108,Foreign_Investor,15174
2025-05-06,2488,0,Foreign_Dealer_Self,0
2025-05-06,2488,0,Investment_Trust,0
2025-05-06,2488,0,Dealer_self,2000
2025-05-06,2488,0,Dealer_Hedging,0
2025-05-07,2488,105257,Foreign_Investor,57108
2025-05-07,2488,0,Foreign_Dealer_Self,0
2025-05-07,2488,0,Investment_Trust,0
2025-05-07,2488,154,Dealer_self,5586
2025-05-07,2488,0,Dealer_Hedging,0
2025-05-08,2488,84000,Foreign_Investor,49105
2025-05-08,2488,0,Foreign_Dealer_Self,0
2025-05-08,2488,0,Investment_Trust,0
2025-05-08,2488,1000,Dealer_self,4062
2025-05-08,2488,0,Dealer_Hedging,0
2025-05-09,2488,58548,Foreign_Investor,40000
2025-05-09,2488,0,Foreign_Dealer_Self,0
2025-05-09,2488,0,Investment_Trust,0
2025-05-09,2488,0,Dealer_self,13000
2025-05-09,2488,0,Dealer_Hedging,0
2025-05-12,2488,19000,Foreign_Investor,61548
2025-05-12,2488,0,Foreign_Dealer_Self,0
2025-05-12,2488,0,Investment_Trust,0
2025-05-12,2488,0,Dealer_self,4000
2025-05-12,2488,0,Dealer_Hedging,0
2025-05-13,2488,11217,Foreign_Investor,76000
2025-05-13,2488,0,Foreign_Dealer_Self,0
2025-05-13,2488,0,Investment_Trust,0
2025-05-13,2488,1000,Dealer_self,2534
2025-05-13,2488,0,Dealer_Hedging,0
2025-05-14,2488,13150,Foreign_Investor,45012
2025-05-14,2488,0,Foreign_Dealer_Self,0
2025-05-14,2488,0,Investment_Trust,0
2025-05-14,2488,5000,Dealer_self,1000
2025-05-14,2488,0,Dealer_Hedging,0
2025-05-15,2488,61868,Foreign_Investor,20205
2025-05-15,2488,0,Foreign_Dealer_Self,0
2025-05-15,2488,0,Investment_Trust,0
2025-05-15,2488,1000,Dealer_self,52869
2025-05-15,2488,0,Dealer_Hedging,0
2025-05-16,2488,48300,Foreign_Investor,36001
2025-05-16,2488,0,Foreign_Dealer_Self,0
2025-05-16,2488,0,Investment_Trust,0
2025-05-16,2488,0,Dealer_self,31000
2025-05-16,2488,0,Dealer_Hedging,0
2025-05-19,2488,8444,Foreign_Investor,101345
2025-05-19,2488,0,Foreign_Dealer_Self,0
2025-05-19,2488,0,Investment_Trust,0
2025-05-19,2488,1000,Dealer_self,1043
2025-05-19,2488,0,Dealer_Hedging,0
2025-05-20,2488,4000,Foreign_Investor,21111
2025-05-20,2488,0,Foreign_Dealer_Self,0
2025-05-20,2488,0,Investment_Trust,0
2025-05-20,2488,1000,Dealer_self,90
2025-05-20,2488,0,Dealer_Hedging,0
2025-05-21,2488,30700,Foreign_Investor,37510
2025-05-21,2488,0,Foreign_Dealer_Self,0
2025-05-21,2488,0,Investment_Trust,0
2025-05-21,2488,0,Dealer_self,0
2025-05-21,2488,0,Dealer_Hedging,0
2025-05-22,2488,0,Foreign_Investor,67000
2025-05-22,2488,0,Foreign_Dealer_Self,0
2025-05-22,2488,0,Investment_Trust,0
2025-05-22,2488,0,Dealer_self,274
2025-05-22,2488,0,Dealer_Hedging,0
2025-05-23,2488,20000,Foreign_Investor,32000
2025-05-23,2488,0,Foreign_Dealer_Self,0
2025-05-23,2488,0,Investment_Trust,0
2025-05-23,2488,0,Dealer_self,1000
2025-05-23,2488,0,Dealer_Hedging,0
2025-05-26,2488,32000,Foreign_Investor,38000
2025-05-26,2488,0,Foreign_Dealer_Self,0
2025-05-26,2488,0,Investment_Trust,0
2025-05-26,2488,1000,Dealer_self,2067
2025-05-26,2488,0,Dealer_Hedging,0
2025-05-27,2488,34029,Foreign_Investor,60200
2025-05-27,2488,0,Foreign_Dealer_Self,0
2025-05-27,2488,0,Investment_Trust,0
2025-05-27,2488,0,Dealer_self,4474
2025-05-27,2488,0,Dealer_Hedging,0
2025-05-28,2488,13000,Foreign_Investor,52029
2025-05-28,2488,0,Foreign_Dealer_Self,0
2025-05-28,2488,0,Investment_Trust,0
2025-05-28,2488,0,Dealer_self,318
2025-05-28,2488,0,Dealer_Hedging,0
2025-05-29,2488,25000,Foreign_Investor,84000
2025-05-29,2488,0,Foreign_Dealer_Self,0
2025-05-29,2488,0,Investment_Trust,0
2025-05-29,2488,3000,Dealer_self,516
2025-05-29,2488,0,Dealer_Hedging,0
2025-06-02,2488,9000,Foreign_Investor,50000
2025-06-02,2488,0,Foreign_Dealer_Self,0
2025-06-02,2488,0,Investment_Trust,0
2025-06-02,2488,2000,Dealer_self,3143
2025-06-02,2488,0,Dealer_Hedging,0
2025-06-03,2488,22000,Foreign_Investor,35000
2025-06-03,2488,0,Foreign_Dealer_Self,0
2025-06-03,2488,0,Investment_Trust,0
2025-06-03,2488,1000,Dealer_self,1275
2025-06-03,2488,0,Dealer_Hedging,0
2025-06-04,2488,51000,Foreign_Investor,34000
2025-06-04,2488,0,Foreign_Dealer_Self,0
2025-06-04,2488,0,Investment_Trust,0
2025-06-04,2488,1000,Dealer_self,1104
2025-06-04,2488,0,Dealer_Hedging,0
2025-06-05,2488,11732,Foreign_Investor,127000
2025-06-05,2488,0,Foreign_Dealer_Self,0
2025-06-05,2488,0,Investment_Trust,0
2025-06-05,2488,5000,Dealer_self,1770
2025-06-05,2488,0,Dealer_Hedging,0
2025-06-06,2488,12073,Foreign_Investor,44001
2025-06-06,2488,0,Foreign_Dealer_Self,0
2025-06-06,2488,0,Investment_Trust,0
2025-06-06,2488,0,Dealer_self,1074
2025-06-06,2488,0,Dealer_Hedging,0
2025-06-09,2488,15128,Foreign_Investor,43199
2025-06-09,2488,0,Foreign_Dealer_Self,0
2025-06-09,2488,0,Investment_Trust,0
2025-06-09,2488,1000,Dealer_self,3000
2025-06-09,2488,0,Dealer_Hedging,0
2025-06-10,2488,29000,Foreign_Investor,59579
2025-06-10,2488,0,Foreign_Dealer_Self,0
2025-06-10,2488,0,Investment_Trust,0
2025-06-10,2488,5000,Dealer_self,2000
2025-06-10,2488,0,Dealer_Hedging,0
2025-06-11,2488,20025,Foreign_Investor,60150
2025-06-11,2488,0,Foreign_Dealer_Self,0
2025-06-11,2488,0,Investment_Trust,0
2025-06-11,2488,0,Dealer_self,1000
2025-06-11,2488,0,Dealer_Hedging,0
2025-06-12,2488,17000,Foreign_Investor,49004
2025-06-12,2488,0,Foreign_Dealer_Self,0
2025-06-12,2488,0,Investment_Trust,0
2025-06-12,2488,1000,Dealer_self,398
2025-06-12,2488,0,Dealer_Hedging,0
2025-06-13,2488,3000,Foreign_Investor,261000
2025-06-13,2488,0,Foreign_Dealer_Self,0
2025-06-13,2488,0,Investment_Trust,0
2025-06-13,2488,3000,Dealer_self,14437
2025-06-13,2488,0,Dealer_Hedging,0
2025-06-16,2488,31000,Foreign_Investor,41000
2025-06-16,2488,0,Foreign_Dealer_Self,0
2025-06-16,2488,0,Investment_Trust,0
2025-06-16,2488,2000,Dealer_self,16610
2025-06-16,2488,0,Dealer_Hedging,0
2025-06-17,2488,36200,Foreign_Investor,92000
2025-06-17,2488,0,Foreign_Dealer_Self,0
2025-06-17,2488,0,Investment_Trust,0
2025-06-17,2488,4000,Dealer_self,1658
2025-06-17,2488,0,Dealer_Hedging,0
2025-06-18,2488,32000,Foreign_Investor,65200
2025-06-18,2488,0,Foreign_Dealer_Self,0
2025-06-18,2488,0,Investment_Trust,0
2025-06-18,2488,1000,Dealer_self,4172
2025-06-18,2488,0,Dealer_Hedging,0
2025-06-19,2488,11000,Foreign_Investor,92000
2025-06-19,2488,0,Foreign_Dealer_Self,0
2025-06-19,2488,0,Investment_Trust,0
2025-06-19,2488,1000,Dealer_self,1681
2025-06-19,2488,0,Dealer_Hedging,0
2025-06-20,2488,25000,Foreign_Investor,136000
2025-06-20,2488,0,Foreign_Dealer_Self,0
2025-06-20,2488,0,Investment_Trust,0
2025-06-20,2488,2000,Dealer_self,8670
2025-06-20,2488,0,Dealer_Hedging,0
2025-06-23,2488,32000,Foreign_Investor,61000
2025-06-23,2488,0,Foreign_Dealer_Self,0
2025-06-23,2488,0,Investment_Trust,0
2025-06-23,2488,0,Dealer_self,576
2025-06-23,2488,0,Dealer_Hedging,0
2025-06-24,2488,47000,Foreign_Investor,80000
2025-06-24,2488,0,Foreign_Dealer_Self,0
2025-06-24,2488,0,Investment_Trust,0
2025-06-24,2488,5000,Dealer_self,1000
2025-06-24,2488,0,Dealer_Hedging,0
2025-06-25,2488,30000,Foreign_Investor,36000
2025-06-25,2488,0,Foreign_Dealer_Self,0
2025-06-25,2488,0,Investment_Trust,0
2025-06-25,2488,3000,Dealer_self,8
2025-06-25,2488,0,Dealer_Hedging,0
2025-06-26,2488,42000,Foreign_Investor,38000
2025-06-26,2488,0,Foreign_Dealer_Self,0
2025-06-26,2488,0,Investment_Trust,0
2025-06-26,2488,0,Dealer_self,9000
2025-06-26,2488,0,Dealer_Hedging,0
2025-06-27,2488,34200,Foreign_Investor,39000
2025-06-27,2488,0,Foreign_Dealer_Self,0
2025-06-27,2488,0,Investment_Trust,0
2025-06-27,2488,0,Dealer_self,6000
2025-06-27,2488,0,Dealer_Hedging,0
2025-06-30,2488,21000,Foreign_Investor,28000
2025-06-30,2488,0,Foreign_Dealer_Self,0
2025-06-30,2488,0,Investment_Trust,0
2025-06-30,2488,1000,Dealer_self,4000
2025-06-30,2488,0,Dealer_Hedging,0
2025-07-01,2488,19000,Foreign_Investor,46000
2025-07-01,2488,0,Foreign_Dealer_Self,0
2025-07-01,2488,0,Investment_Trust,0
2025-07-01,2488,108,Dealer_self,45
2025-07-01,2488,0,Dealer_Hedging,0
2025-07-02,2488,37000,Foreign_Investor,30000
2025-07-02,2488,0,Foreign_Dealer_Self,0
2025-07-02,2488,0,Investment_Trust,0
2025-07-02,2488,1000,Dealer_self,1020
2025-07-02,2488,0,Dealer_Hedging,0
2025-07-03,2488,93000,Foreign_Investor,30000
2025-07-03,2488,0,Foreign_Dealer_Self,0
2025-07-03,2488,0,Investment_Trust,0
2025-07-03,2488,6000,Dealer_self,2884
2025-07-03,2488,0,Dealer_Hedging,0
2025-07-04,2488,18000,Foreign_Investor,30000
2025-07-04,2488,0,Foreign_Dealer_Self,0
2025-07-04,2488,0,Investment_Trust,0
2025-07-04,2488,461,Dealer_self,2090
2025-07-04,2488,0,Dealer_Hedging,0
2025-07-07,2488,10000,Foreign_Investor,32000
2025-07-07,2488,0,Foreign_Dealer_Self,0
2025-07-07,2488,0,Investment_Trust,0
2025-07-07,2488,0,Dealer_self,368
2025-07-07,2488,0,Dealer_Hedging,0
2025-07-08,2488,10000,Foreign_Investor,54000
2025-07-08,2488,0,Foreign_Dealer_Self,0
2025-07-08,2488,0,Investment_Trust,0
2025-07-08,2488,3000,Dealer_self,1525
2025-07-08,2488,0,Dealer_Hedging,0
2025-07-09,2488,28000,Foreign_Investor,33550
2025-07-09,2488,0,Foreign_Dealer_Self,0
2025-07-09,2488,0,Investment_Trust,0
2025-07-09,2488,0,Dealer_self,21
2025-07-09,2488,0,Dealer_Hedging,0
2025-07-10,2488,2000,Foreign_Investor,57000
2025-07-10,2488,0,Foreign_Dealer_Self,0
2025-07-10,2488,0,Investment_Trust,0
2025-07-10,2488,16000,Dealer_self,1503
2025-07-10,2488,0,Dealer_Hedging,0
2025-07-11,2488,31000,Foreign_Investor,28000
2025-07-11,2488,0,Foreign_Dealer_Self,0
2025-07-11,2488,0,Investment_Trust,0
2025-07-11,2488,1000,Dealer_self,3428
2025-07-11,2488,0,Dealer_Hedging,0
2025-07-14,2488,32000,Foreign_Investor,48000
2025-07-14,2488,0,Foreign_Dealer_Self,0
2025-07-14,2488,0,Investment_Trust,0
2025-07-14,2488,0,Dealer_self,0
2025-07-14,2488,0,Dealer_Hedging,0
2025-07-15,2488,9000,Foreign_Investor,65000
2025-07-15,2488,0,Foreign_Dealer_Self,0
2025-07-15,2488,0,Investment_Trust,0
2025-07-15,2488,1000,Dealer_self,3647
2025-07-15,2488,0,Dealer_Hedging,0
2025-07-16,2488,15000,Foreign_Investor,31450
2025-07-16,2488,0,Foreign_Dealer_Self,0
2025-07-16,2488,0,Investment_Trust,0
2025-07-16,2488,1000,Dealer_self,1000
2025-07-16,2488,0,Dealer_Hedging,0
2025-07-17,2488,44000,Foreign_Investor,47000
2025-07-17,2488,0,Foreign_Dealer_Self,0
2025-07-17,2488,0,Investment_Trust,0
2025-07-17,2488,2000,Dealer_self,0
2025-07-17,2488,0,Dealer_Hedging,0
2025-07-18,2488,20000,Foreign_Investor,9000
2025-07-18,2488,0,Foreign_Dealer_Self,0
2025-07-18,2488,0,Investment_Trust,0
2025-07-18,2488,1000,Dealer_self,0
2025-07-18,2488,0,Dealer_Hedging,0
2025-07-21,2488,37000,Foreign_Investor,4000
2025-07-21,2488,0,Foreign_Dealer_Self,0
2025-07-21,2488,0,Investment_Trust,0
2025-07-21,2488,5000,Dealer_self,0
2025-07-21,2488,0,Dealer_Hedging,0
2025-07-22,2488,14000,Foreign_Investor,196000
2025-07-22,2488,0,Foreign_Dealer_Self,0
2025-07-22,2488,0,Investment_Trust,0
2025-07-22,2488,5000,Dealer_self,3924
2025-07-22,2488,0,Dealer_Hedging,0
2025-07-23,2488,58000,Foreign_Investor,6000
2025-07-23,2488,0,Foreign_Dealer_Self,0
2025-07-23,2488,0,Investment_Trust,0
2025-07-23,2488,6000,Dealer_self,5000
2025-07-23,2488,0,Dealer_Hedging,0
2025-07-24,2488,30000,Foreign_Investor,7000
2025-07-24,2488,0,Foreign_Dealer_Self,0
2025-07-24,2488,0,Investment_Trust,0
2025-07-24,2488,0,Dealer_self,0
2025-07-24,2488,0,Dealer_Hedging,0
2025-07-25,2488,13000,Foreign_Investor,1000
2025-07-25,2488,0,Foreign_Dealer_Self,0
2025-07-25,2488,0,Investment_Trust,0
2025-07-25,2488,0,Dealer_self,1000
2025-07-25,2488,0,Dealer_Hedging,0
2025-07-28,2488,16000,Foreign_Investor,21000
2025-07-28,2488,0,Foreign_Dealer_Self,0
2025-07-28,2488,0,Investment_Trust,0
2025-07-28,2488,10001,Dealer_self,0
2025-07-28,2488,0,Dealer_Hedging,0
2025-07-29,2488,11000,Foreign_Investor,33000
2025-07-29,2488,0,Foreign_Dealer_Self,0
2025-07-29,2488,0,Investment_Trust,0
2025-07-29,2488,1000,Dealer_self,0
2025-07-29,2488,0,Dealer_Hedging,0
2025-07-30,2488,6000,Foreign_Investor,5000
2025-07-30,2488,0,Foreign_Dealer_Self,0
2025-07-30,2488,0,Investment_Trust,0
2025-07-30,2488,0,Dealer_self,288
2025-07-30,2488,0,Dealer_Hedging,0
2025-07-31,2488,33000,Foreign_Investor,32000
2025-07-31,2488,0,Foreign_Dealer_Self,0
2025-07-31,2488,0,Investment_Trust,0
2025-07-31,2488,2230,Dealer_self,1095
2025-07-31,2488,0,Dealer_Hedging,0
2025-08-01,2488,28000,Foreign_Investor,79000
2025-08-01,2488,0,Foreign_Dealer_Self,0
2025-08-01,2488,0,Investment_Trust,0
2025-08-01,2488,1000,Dealer_self,298
2025-08-01,2488,0,Dealer_Hedging,0
2025-08-04,2488,60000,Foreign_Investor,35000
2025-08-04,2488,0,Foreign_Dealer_Self,0
2025-08-04,2488,0,Investment_Trust,0
2025-08-04,2488,0,Dealer_self,8099
2025-08-04,2488,0,Dealer_Hedging,0
2025-08-05,2488,33000,Foreign_Investor,21000
2025-08-05,2488,0,Foreign_Dealer_Self,0
2025-08-05,2488,0,Investment_Trust,0
2025-08-05,2488,181,Dealer_self,1018
2025-08-05,2488,0,Dealer_Hedging,0
2025-08-06,2488,14000,Foreign_Investor,9000
2025-08-06,2488,0,Foreign_Dealer_Self,0
2025-08-06,2488,0,Investment_Trust,0
2025-08-06,2488,0,Dealer_self,9
2025-08-06,2488,0,Dealer_Hedging,0
2025-08-07,2488,78000,Foreign_Investor,48000
2025-08-07,2488,0,Foreign_Dealer_Self,0
2025-08-07,2488,0,Investment_Trust,0
2025-08-07,2488,0,Dealer_self,0
2025-08-07,2488,0,Dealer_Hedging,0
2025-08-08,2488,28000,Foreign_Investor,157000
2025-08-08,2488,0,Foreign_Dealer_Self,0
2025-08-08,2488,0,Investment_Trust,0
2025-08-08,2488,6000,Dealer_self,1006
2025-08-08,2488,0,Dealer_Hedging,0
2025-08-11,2488,25000,Foreign_Investor,159000
2025-08-11,2488,0,Foreign_Dealer_Self,0
2025-08-11,2488,0,Investment_Trust,0
2025-08-11,2488,2000,Dealer_self,954
2025-08-11,2488,0,Dealer_Hedging,0
2025-08-12,2488,6000,Foreign_Investor,68000
2025-08-12,2488,0,Foreign_Dealer_Self,0
2025-08-12,2488,0,Investment_Trust,0
2025-08-12,2488,0,Dealer_self,65
2025-08-12,2488,0,Dealer_Hedging,0
2025-08-13,2488,24000,Foreign_Investor,150827
2025-08-13,2488,0,Foreign_Dealer_Self,0
2025-08-13,2488,0,Investment_Trust,0
2025-08-13,2488,1000,Dealer_self,662
2025-08-13,2488,0,Dealer_Hedging,0
2025-08-14,2488,70000,Foreign_Investor,30000
2025-08-14,2488,0,Foreign_Dealer_Self,0
2025-08-14,2488,0,Investment_Trust,0
2025-08-14,2488,27000,Dealer_self,0
2025-08-14,2488,0,Dealer_Hedging,0
2025-08-15,2488,4000,Foreign_Investor,68000
2025-08-15,2488,0,Foreign_Dealer_Self,0
2025-08-15,2488,0,Investment_Trust,0
2025-08-15,2488,12000,Dealer_self,1000
2025-08-15,2488,0,Dealer_Hedging,0
2025-08-18,2488,5000,Foreign_Investor,25000
2025-08-18,2488,0,Foreign_Dealer_Self,0
2025-08-18,2488,0,Investment_Trust,0
2025-08-18,2488,0,Dealer_self,0
2025-08-18,2488,0,Dealer_Hedging,0
2025-08-19,2488,47000,Foreign_Investor,58000
2025-08-19,2488,0,Foreign_Dealer_Self,0
2025-08-19,2488,0,Investment_Trust,0
2025-08-19,2488,0,Dealer_self,0
2025-08-19,2488,0,Dealer_Hedging,0
2025-08-20,2488,22000,Foreign_Investor,73000
2025-08-20,2488,0,Foreign_Dealer_Self,0
2025-08-20,2488,0,Investment_Trust,0
2025-08-20,2488,7000,Dealer_self,1074
2025-08-20,2488,0,Dealer_Hedging,0
2025-08-21,2488,10000,Foreign_Investor,37000
2025-08-21,2488,0,Foreign_Dealer_Self,0
2025-08-21,2488,0,Investment_Trust,0
2025-08-21,2488,0,Dealer_self,10000
2025-08-21,2488,0,Dealer_Hedging,0
2025-08-22,2488,2000,Foreign_Investor,36000
2025-08-22,2488,0,Foreign_Dealer_Self,0
2025-08-22,2488,0,Investment_Trust,0
2025-08-22,2488,0,Dealer_self,0
2025-08-22,2488,0,Dealer_Hedging,0
2025-08-25,2488,124000,Foreign_Investor,56000
2025-08-25,2488,0,Foreign_Dealer_Self,0
2025-08-25,2488,0,Investment_Trust,0
2025-08-25,2488,6000,Dealer_self,614
2025-08-25,2488,0,Dealer_Hedging,0
2025-08-26,2488,30000,Foreign_Investor,22000
2025-08-26,2488,0,Foreign_Dealer_Self,0
2025-08-26,2488,0,Investment_Trust,0
2025-08-26,2488,12000,Dealer_self,0
2025-08-26,2488,0,Dealer_Hedging,0
2025-08-27,2488,15000,Foreign_Investor,82000
2025-08-27,2488,0,Foreign_Dealer_Self,0
2025-08-27,2488,0,Investment_Trust,0
2025-08-27,2488,0,Dealer_self,0
2025-08-27,2488,0,Dealer_Hedging,0
2025-08-28,2488,15000,Foreign_Investor,105000
2025-08-28,2488,0,Foreign_Dealer_Self,0
2025-08-28,2488,0,Investment_Trust,0
2025-08-28,2488,3000,Dealer_self,0
2025-08-28,2488,0,Dealer_Hedging,0
2025-08-29,2488,16000,Foreign_Investor,85000
2025-08-29,2488,0,Foreign_Dealer_Self,0
2025-08-29,2488,0,Investment_Trust,0
2025-08-29,2488,1000,Dealer_self,0
2025-08-29,2488,0,Dealer_Hedging,0
2025-09-01,2488,11000,Foreign_Investor,154000
2025-09-01,2488,0,Foreign_Dealer_Self,0
2025-09-01,2488,0,Investment_Trust,0
2025-09-01,2488,0,Dealer_self,1
2025-09-01,2488,0,Dealer_Hedging,0
2025-09-02,2488,42000,Foreign_Investor,93000
2025-09-02,2488,0,Foreign_Dealer_Self,0
2025-09-02,2488,0,Investment_Trust,0
2025-09-02,2488,0,Dealer_self,3000
2025-09-02,2488,0,Dealer_Hedging,0
2025-09-03,2488,14000,Foreign_Investor,41000
2025-09-03,2488,0,Foreign_Dealer_Self,0
2025-09-03,2488,0,Investment_Trust,0
2025-09-03,2488,0,Dealer_self,121
2025-09-03,2488,0,Dealer_Hedging,0
2025-09-04,2488,44000,Foreign_Investor,106000
2025-09-04,2488,0,Foreign_Dealer_Self,0
2025-09-04,2488,0,Investment_Trust,0
2025-09-04,2488,0,Dealer_self,0
2025-09-04,2488,0,Dealer_Hedging,0
2025-09-05,2488,13000,Foreign_Investor,109000
2025-09-05,2488,0,Foreign_Dealer_Self,0
2025-09-05,2488,0,Investment_Trust,0
2025-09-05,2488,1000,Dealer_self,12
2025-09-05,2488,0,Dealer_Hedging,0
2025-09-08,2488,6000,Foreign_Investor,154000
2025-09-08,2488,0,Foreign_Dealer_Self,0
2025-09-08,2488,0,Investment_Trust,0
2025-09-08,2488,1000,Dealer_self,6322
2025-09-08,2488,0,Dealer_Hedging,0
2025-09-09,2488,15000,Foreign_Investor,179000
2025-09-09,2488,0,Foreign_Dealer_Self,0
2025-09-09,2488,0,Investment_Trust,0
2025-09-09,2488,2000,Dealer_self,39972
2025-09-09,2488,0,Dealer_Hedging,0
2025-09-10,2488,65000,Foreign_Investor,130000
2025-09-10,2488,0,Foreign_Dealer_Self,0
2025-09-10,2488,0,Investment_Trust,0
2025-09-10,2488,2000,Dealer_self,24081
2025-09-10,2488,0,Dealer_Hedging,0
2025-09-11,2488,55000,Foreign_Investor,325000
2025-09-11,2488,0,Foreign_Dealer_Self,0
2025-09-11,2488,0,Investment_Trust,0
2025-09-11,2488,1000,Dealer_self,14129
2025-09-11,2488,0,Dealer_Hedging,0
2025-09-12,2488,46000,Foreign_Investor,342073
2025-09-12,2488,0,Foreign_Dealer_Self,0
2025-09-12,2488,0,Investment_Trust,0
2025-09-12,2488,1000,Dealer_self,3000
2025-09-12,2488,0,Dealer_Hedging,0
2025-09-15,2488,9000,Foreign_Investor,225000
2025-09-15,2488,0,Foreign_Dealer_Self,0
2025-09-15,2488,0,Investment_Trust,0
2025-09-15,2488,1000,Dealer_self,1756
2025-09-15,2488,0,Dealer_Hedging,0
2025-09-16,2488,52000,Foreign_Investor,277000
2025-09-16,2488,0,Foreign_Dealer_Self,0
2025-09-16,2488,0,Investment_Trust,0
2025-09-16,2488,1000,Dealer_self,387
2025-09-16,2488,0,Dealer_Hedging,0
2025-09-17,2488,326000,Foreign_Investor,478150
2025-09-17,2488,0,Foreign_Dealer_Self,0
2025-09-17,2488,0,Investment_Trust,0
2025-09-17,2488,3000,Dealer_self,2864
2025-09-17,2488,0,Dealer_Hedging,0
2025-09-18,2488,19000,Foreign_Investor,217000
2025-09-18,2488,0,Foreign_Dealer_Self,0
2025-09-18,2488,0,Investment_Trust,0
2025-09-18,2488,9000,Dealer_self,0
2025-09-18,2488,0,Dealer_Hedging,0
2025-09-19,2488,6000,Foreign_Investor,276000
2025-09-19,2488,0,Foreign_Dealer_Self,0
2025-09-19,2488,0,Investment_Trust,0
2025-09-19,2488,5000,Dealer_self,1149
2025-09-19,2488,0,Dealer_Hedging,0
2025-09-22,2488,47000,Foreign_Investor,254000
2025-09-22,2488,0,Foreign_Dealer_Self,0
2025-09-22,2488,0,Investment_Trust,0
2025-09-22,2488,5000,Dealer_self,4000
2025-09-22,2488,0,Dealer_Hedging,0
2025-09-23,2488,110000,Foreign_Investor,127000
2025-09-23,2488,0,Foreign_Dealer_Self,0
2025-09-23,2488,0,Investment_Trust,0
2025-09-23,2488,0,Dealer_self,1500
2025-09-23,2488,0,Dealer_Hedging,0
2025-09-24,2488,40000,Foreign_Investor,107000
2025-09-24,2488,0,Foreign_Dealer_Self,0
2025-09-24,2488,0,Investment_Trust,0
2025-09-24,2488,0,Dealer_self,0
2025-09-24,2488,0,Dealer_Hedging,0
2025-09-25,2488,36000,Foreign_Investor,63000
2025-09-25,2488,0,Foreign_Dealer_Self,0
2025-09-25,2488,0,Investment_Trust,0
2025-09-25,2488,7000,Dealer_self,0
2025-09-25,2488,0,Dealer_Hedging,0
2025-09-26,2488,25000,Foreign_Investor,176000
2025-09-26,2488,0,Foreign_Dealer_Self,0
2025-09-26,2488,0,Investment_Trust,0
2025-09-26,2488,6000,Dealer_self,0
2025-09-26,2488,0,Dealer_Hedging,0
2025-09-30,2488,84000,Foreign_Investor,38000
2025-09-30,2488,0,Foreign_Dealer_Self,0
2025-09-30,2488,0,Investment_Trust,0
2025-09-30,2488,1000,Dealer_self,0
2025-09-30,2488,0,Dealer_Hedging,0
2025-10-01,2488,36000,Foreign_Investor,34000
2025-10-01,2488,0,Foreign_Dealer_Self,0
2025-10-01,2488,0,Investment_Trust,0
2025-10-01,2488,2000,Dealer_self,0
2025-10-01,2488,0,Dealer_Hedging,0
2025-10-02,2488,50000,Foreign_Investor,55000
2025-10-02,2488,0,Foreign_Dealer_Self,0
2025-10-02,2488,0,Investment_Trust,0
2025-10-02,2488,1000,Dealer_self,0
2025-10-02,2488,0,Dealer_Hedging,0
2025-10-03,2488,19000,Foreign_Investor,24000
2025-10-03,2488,0,Foreign_Dealer_Self,0
2025-10-03,2488,0,Investment_Trust,0
2025-10-03,2488,0,Dealer_self,0
2025-10-03,2488,0,Dealer_Hedging,0
2025-10-07,2488,39000,Foreign_Investor,19000
2025-10-07,2488,0,Foreign_Dealer_Self,0
2025-10-07,2488,0,Investment_Trust,0
2025-10-07,2488,4000,Dealer_self,0
2025-10-07,2488,0,Dealer_Hedging,0
2025-10-08,2488,65000,Foreign_Investor,64000
2025-10-08,2488,0,Foreign_Dealer_Self,0
2025-10-08,2488,0,Investment_Trust,0
2025-10-08,2488,1000,Dealer_self,0
2025-10-08,2488,0,Dealer_Hedging,0
2025-10-09,2488,26000,Foreign_Investor,105000
2025-10-09,2488,0,Foreign_Dealer_Self,0
2025-10-09,2488,0,Investment_Trust,0
2025-10-09,2488,0,Dealer_self,3000
2025-10-09,2488,0,Dealer_Hedging,0
2025-10-13,2488,55000,Foreign_Investor,81000
2025-10-13,2488,0,Foreign_Dealer_Self,0
2025-10-13,2488,0,Investment_Trust,0
2025-10-13,2488,11000,Dealer_self,10484
2025-10-13,2488,0,Dealer_Hedging,0
2025-10-14,2488,89000,Foreign_Investor,68000
2025-10-14,2488,0,Foreign_Dealer_Self,0
2025-10-14,2488,0,Investment_Trust,0
2025-10-14,2488,1000,Dealer_self,34
2025-10-14,2488,0,Dealer_Hedging,0
2025-10-15,2488,125000,Foreign_Investor,137000
2025-10-15,2488,0,Foreign_Dealer_Self,0
2025-10-15,2488,0,Investment_Trust,0
2025-10-15,2488,8000,Dealer_self,0
2025-10-15,2488,0,Dealer_Hedging,0
2025-10-16,2488,90000,Foreign_Investor,21200
2025-10-16,2488,0,Foreign_Dealer_Self,0
2025-10-16,2488,0,Investment_Trust,0
2025-10-16,2488,2000,Dealer_self,2000
2025-10-16,2488,0,Dealer_Hedging,0
2025-10-17,2488,86000,Foreign_Investor,18000
2025-10-17,2488,0,Foreign_Dealer_Self,0
2025-10-17,2488,0,Investment_Trust,0
2025-10-17,2488,0,Dealer_self,0
2025-10-17,2488,0,Dealer_Hedging,0
2025-10-20,2488,115000,Foreign_Investor,12000
2025-10-20,2488,0,Foreign_Dealer_Self,0
2025-10-20,2488,0,Investment_Trust,0
2025-10-20,2488,0,Dealer_self,0
2025-10-20,2488,0,Dealer_Hedging,0
2025-10-21,2488,37000,Foreign_Investor,16000
2025-10-21,2488,0,Foreign_Dealer_Self,0
2025-10-21,2488,0,Investment_Trust,0
2025-10-21,2488,1000,Dealer_self,21
2025-10-21,2488,0,Dealer_Hedging,0
2025-10-22,2488,74000,Foreign_Investor,19000
2025-10-22,2488,0,Foreign_Dealer_Self,0
2025-10-22,2488,0,Investment_Trust,0
2025-10-22,2488,1000,Dealer_self,1000
2025-10-22,2488,0,Dealer_Hedging,0
2025-10-23,2488,22000,Foreign_Investor,9000
2025-10-23,2488,0,Foreign_Dealer_Self,0
2025-10-23,2488,0,Investment_Trust,0
2025-10-23,2488,1000,Dealer_self,0
2025-10-23,2488,0,Dealer_Hedging,0
2025-10-27,2488,105000,Foreign_Investor,41000
2025-10-27,2488,0,Foreign_Dealer_Self,0
2025-10-27,2488,0,Investment_Trust,0
2025-10-27,2488,3000,Dealer_self,0
2025-10-27,2488,0,Dealer_Hedging,0
2025-10-28,2488,14000,Foreign_Investor,43000
2025-10-28,2488,0,Foreign_Dealer_Self,0
2025-10-28,2488,0,Investment_Trust,0
2025-10-28,2488,1000,Dealer_self,0
2025-10-28,2488,0,Dealer_Hedging,0
2025-10-29,2488,40000,Foreign_Investor,5000
2025-10-29,2488,0,Foreign_Dealer_Self,0
2025-10-29,2488,0,Investment_Trust,0
2025-10-29,2488,3000,Dealer_self,0
2025-10-29,2488,0,Dealer_Hedging,0
2025-10-30,2488,38000,Foreign_Investor,11000
2025-10-30,2488,0,Foreign_Dealer_Self,0
2025-10-30,2488,0,Investment_Trust,0
2025-10-30,2488,4000,Dealer_self,0
2025-10-30,2488,0,Dealer_Hedging,0
2025-10-31,2488,34000,Foreign_Investor,27000
2025-10-31,2488,0,Foreign_Dealer_Self,0
2025-10-31,2488,0,Investment_Trust,0
2025-10-31,2488,2000,Dealer_self,0
2025-10-31,2488,0,Dealer_Hedging,0
2025-11-03,2488,22000,Foreign_Investor,84000
2025-11-03,2488,0,Foreign_Dealer_Self,0
2025-11-03,2488,0,Investment_Trust,0
2025-11-03,2488,0,Dealer_self,1000
2025-11-03,2488,0,Dealer_Hedging,0
2025-11-04,2488,57000,Foreign_Investor,37000
2025-11-04,2488,0,Foreign_Dealer_Self,0
2025-11-04,2488,0,Investment_Trust,0
2025-11-04,2488,1000,Dealer_self,1000
2025-11-04,2488,0,Dealer_Hedging,0
2025-11-05,2488,106000,Foreign_Investor,62000
2025-11-05,2488,0,Foreign_Dealer_Self,0
2025-11-05,2488,0,Investment_Trust,0
2025-11-05,2488,0,Dealer_self,1000
2025-11-05,2488,0,Dealer_Hedging,0
2025-11-06,2488,431000,Foreign_Investor,57300
2025-11-06,2488,0,Foreign_Dealer_Self,0
2025-11-06,2488,0,Investment_Trust,0
2025-11-06,2488,10000,Dealer_self,1000
2025-11-06,2488,0,Dealer_Hedging,0
2025-11-07,2488,131000,Foreign_Investor,104000
2025-11-07,2488,0,Foreign_Dealer_Self,0
2025-11-07,2488,0,Investment_Trust,0
2025-11-07,2488,0,Dealer_self,0
2025-11-07,2488,0,Dealer_Hedging,0
2025-11-10,2488,85000,Foreign_Investor,78000
2025-11-10,2488,0,Foreign_Dealer_Self,0
2025-11-10,2488,0,Investment_Trust,0
2025-11-10,2488,1000,Dealer_self,0
2025-11-10,2488,0,Dealer_Hedging,0
2025-11-11,2488,0,Foreign_Dealer_Self,0
2025-11-11,2488,0,Investment_Trust,0
2025-11-11,2488,0,Dealer_self,2000
2025-11-11,2488,0,Dealer_Hedging,0
2025-11-11,2488,177000,Foreign_Investor,169000
2025-11-12,2488,0,Foreign_Dealer_Self,0
2025-11-12,2488,0,Investment_Trust,0
2025-11-12,2488,1000,Dealer_self,35
2025-11-12,2488,0,Dealer_Hedging,0
2025-11-12,2488,76000,Foreign_Investor,61000
2025-11-13,2488,42000,Foreign_Investor,26000
2025-11-13,2488,0,Foreign_Dealer_Self,0
2025-11-13,2488,0,Investment_Trust,0
2025-11-13,2488,0,Dealer_self,8000
2025-11-13,2488,0,Dealer_Hedging,0
2025-11-14,2488,51000,Foreign_Investor,20000
2025-11-14,2488,0,Foreign_Dealer_Self,0
2025-11-14,2488,0,Investment_Trust,0
2025-11-14,2488,0,Dealer_self,1000
2025-11-14,2488,0,Dealer_Hedging,0
2025-11-17,2488,12060,Foreign_Investor,88000
2025-11-17,2488,0,Foreign_Dealer_Self,0
2025-11-17,2488,0,Investment_Trust,0
2025-11-17,2488,0,Dealer_self,3862
2025-11-17,2488,0,Dealer_Hedging,0
2025-11-18,2488,23000,Foreign_Investor,73000
2025-11-18,2488,0,Foreign_Dealer_Self,0
2025-11-18,2488,0,Investment_Trust,0
2025-11-18,2488,6000,Dealer_self,2000
2025-11-18,2488,0,Dealer_Hedging,0
2025-11-19,2488,25000,Foreign_Investor,33000
2025-11-19,2488,0,Foreign_Dealer_Self,0
2025-11-19,2488,0,Investment_Trust,0
2025-11-19,2488,1000,Dealer_self,1
2025-11-19,2488,0,Dealer_Hedging,0
2025-11-20,2488,8000,Foreign_Investor,18000
2025-11-20,2488,0,Foreign_Dealer_Self,0
2025-11-20,2488,0,Investment_Trust,0
2025-11-20,2488,0,Dealer_self,339
2025-11-20,2488,0,Dealer_Hedging,0
2025-11-21,2488,26248,Foreign_Investor,67000
2025-11-21,2488,0,Foreign_Dealer_Self,0
2025-11-21,2488,0,Investment_Trust,0
2025-11-21,2488,2000,Dealer_self,0
2025-11-21,2488,0,Dealer_Hedging,0
2025-11-24,2488,5000,Foreign_Investor,57000
2025-11-24,2488,0,Foreign_Dealer_Self,0
2025-11-24,2488,0,Investment_Trust,0
2025-11-24,2488,3000,Dealer_self,4000
2025-11-24,2488,0,Dealer_Hedging,0
2025-11-25,2488,43000,Foreign_Investor,41000
2025-11-25,2488,0,Foreign_Dealer_Self,0
2025-11-25,2488,0,Investment_Trust,0
2025-11-25,2488,4000,Dealer_self,1000
2025-11-25,2488,0,Dealer_Hedging,0
2025-11-26,2488,64000,Foreign_Investor,26000
2025-11-26,2488,0,Foreign_Dealer_Self,0
2025-11-26,2488,0,Investment_Trust,0
2025-11-26,2488,0,Dealer_self,0
2025-11-26,2488,0,Dealer_Hedging,0
2025-11-27,2488,25000,Foreign_Investor,12000
2025-11-27,2488,0,Foreign_Dealer_Self,0
2025-11-27,2488,0,Investment_Trust,0
2025-11-27,2488,0,Dealer_self,1000
2025-11-27,2488,0,Dealer_Hedging,0
2025-11-28,2488,24000,Foreign_Investor,9000
2025-11-28,2488,0,Foreign_Dealer_Self,0
2025-11-28,2488,0,Investment_Trust,0
2025-11-28,2488,2000,Dealer_self,5
2025-11-28,2488,0,Dealer_Hedging,0
2025-12-01,2488,37000,Foreign_Investor,22000
2025-12-01,2488,0,Foreign_Dealer_Self,0
2025-12-01,2488,0,Investment_Trust,0
2025-12-01,2488,1000,Dealer_self,1000
2025-12-01,2488,0,Dealer_Hedging,0
2025-12-02,2488,21000,Foreign_Investor,22000
2025-12-02,2488,0,Foreign_Dealer_Self,0
2025-12-02,2488,0,Investment_Trust,0
2025-12-02,2488,3000,Dealer_self,0
2025-12-02,2488,0,Dealer_Hedging,0
2025-12-03,2488,6000,Foreign_Investor,18000
2025-12-03,2488,0,Foreign_Dealer_Self,0
2025-12-03,2488,0,Investment_Trust,0
2025-12-03,2488,4000,Dealer_self,8
2025-12-03,2488,0,Dealer_Hedging,0
2025-12-04,2488,7000,Foreign_Investor,8000
2025-12-04,2488,0,Foreign_Dealer_Self,0
2025-12-04,2488,0,Investment_Trust,0
2025-12-04,2488,5000,Dealer_self,0
2025-12-04,2488,0,Dealer_Hedging,0
2025-12-05,2488,5000,Foreign_Investor,45000
2025-12-05,2488,0,Foreign_Dealer_Self,0
2025-12-05,2488,0,Investment_Trust,0
2025-12-05,2488,5000,Dealer_self,656
2025-12-05,2488,0,Dealer_Hedging,0
2025-12-08,2488,3000,Foreign_Investor,11000
2025-12-08,2488,0,Foreign_Dealer_Self,0
2025-12-08,2488,0,Investment_Trust,0
2025-12-08,2488,1000,Dealer_self,0
2025-12-08,2488,0,Dealer_Hedging,0
2025-12-09,2488,2000,Foreign_Investor,21000
2025-12-09,2488,0,Foreign_Dealer_Self,0
2025-12-09,2488,0,Investment_Trust,0
2025-12-09,2488,0,Dealer_self,10
2025-12-09,2488,0,Dealer_Hedging,0
2025-12-10,2488,23000,Foreign_Investor,12000
2025-12-10,2488,0,Foreign_Dealer_Self,0
2025-12-10,2488,0,Investment_Trust,0
2025-12-10,2488,0,Dealer_self,1000
2025-12-10,2488,0,Dealer_Hedging,0
2025-12-11,2488,14000,Foreign_Investor,23000
2025-12-11,2488,0,Foreign_Dealer_Self,0
2025-12-11,2488,0,Investment_Trust,0
2025-12-11,2488,0,Dealer_self,0
2025-12-11,2488,0,Dealer_Hedging,0
2025-12-12,2488,35000,Foreign_Investor,15000
2025-12-12,2488,0,Foreign_Dealer_Self,0
2025-12-12,2488,0,Investment_Trust,0
2025-12-12,2488,1000,Dealer_self,1005
2025-12-12,2488,0,Dealer_Hedging,0
2025-12-15,2488,5000,Foreign_Investor,6000
2025-12-15,2488,0,Foreign_Dealer_Self,0
2025-12-15,2488,0,Investment_Trust,0
2025-12-15,2488,1000,Dealer_self,1
2025-12-15,2488,0,Dealer_Hedging,0
2025-12-16,2488,61000,Foreign_Investor,22000
2025-12-16,2488,0,Foreign_Dealer_Self,0
2025-12-16,2488,0,Investment_Trust,0
2025-12-16,2488,1000,Dealer_self,3233
2025-12-16,2488,0,Dealer_Hedging,0
2025-12-17,2488,6000,Foreign_Investor,12000
2025-12-17,2488,0,Foreign_Dealer_Self,0
2025-12-17,2488,0,Investment_Trust,0
2025-12-17,2488,0,Dealer_self,0
2025-12-17,2488,0,Dealer_Hedging,0
2025-12-18,2488,29000,Foreign_Investor,2000
2025-12-18,2488,0,Foreign_Dealer_Self,0
2025-12-18,2488,0,Investment_Trust,0
2025-12-18,2488,1000,Dealer_self,1
2025-12-18,2488,0,Dealer_Hedging,0
2025-12-19,2488,18000,Foreign_Investor,3000
2025-12-19,2488,0,Foreign_Dealer_Self,0
2025-12-19,2488,0,Investment_Trust,0
2025-12-19,2488,0,Dealer_self,1000
2025-12-19,2488,0,Dealer_Hedging,0
2025-12-22,2488,20000,Foreign_Investor,1000
2025-12-22,2488,0,Foreign_Dealer_Self,0
2025-12-22,2488,0,Investment_Trust,0
2025-12-22,2488,0,Dealer_self,27
2025-12-22,2488,0,Dealer_Hedging,0
2025-12-23,2488,43000,Foreign_Investor,2000
2025-12-23,2488,0,Foreign_Dealer_Self,0
2025-12-23,2488,0,Investment_Trust,0
2025-12-23,2488,0,Dealer_self,0
2025-12-23,2488,0,Dealer_Hedging,0
2025-12-24,2488,10000,Foreign_Investor,6000
2025-12-24,2488,0,Foreign_Dealer_Self,0
2025-12-24,2488,0,Investment_Trust,0
2025-12-24,2488,0,Dealer_self,0
2025-12-24,2488,0,Dealer_Hedging,0
2025-12-26,2488,101000,Foreign_Investor,6000
2025-12-26,2488,0,Foreign_Dealer_Self,0
2025-12-26,2488,0,Investment_Trust,0
2025-12-26,2488,102,Dealer_self,0
2025-12-26,2488,0,Dealer_Hedging,0
2025-12-29,2488,28000,Foreign_Investor,8000
2025-12-29,2488,0,Foreign_Dealer_Self,0
2025-12-29,2488,0,Investment_Trust,0
2025-12-29,2488,0,Dealer_self,0
2025-12-29,2488,0,Dealer_Hedging,0
2025-12-30,2488,56000,Foreign_Investor,5000
2025-12-30,2488,0,Foreign_Dealer_Self,0
2025-12-30,2488,0,Investment_Trust,0
2025-12-30,2488,1000,Dealer_self,0
2025-12-30,2488,0,Dealer_Hedging,0
2025-12-31,2488,123000,Foreign_Investor,3000
2025-12-31,2488,0,Foreign_Dealer_Self,0
2025-12-31,2488,0,Investment_Trust,0
2025-12-31,2488,0,Dealer_self,1000
2025-12-31,2488,0,Dealer_Hedging,0
2026-01-02,2488,32000,Foreign_Investor,5000
2026-01-02,2488,0,Foreign_Dealer_Self,0
2026-01-02,2488,0,Investment_Trust,0
2026-01-02,2488,18,Dealer_self,0
2026-01-02,2488,0,Dealer_Hedging,0
2026-01-05,2488,5000,Foreign_Investor,53000
2026-01-05,2488,0,Foreign_Dealer_Self,0
2026-01-05,2488,0,Investment_Trust,0
2026-01-05,2488,0,Dealer_self,0
2026-01-05,2488,0,Dealer_Hedging,0
2026-01-06,2488,31000,Foreign_Investor,32000
2026-01-06,2488,0,Foreign_Dealer_Self,0
2026-01-06,2488,0,Investment_Trust,0
2026-01-06,2488,0,Dealer_self,6000
2026-01-06,2488,0,Dealer_Hedging,0
2026-01-07,2488,39000,Foreign_Investor,29000
2026-01-07,2488,0,Foreign_Dealer_Self,0
2026-01-07,2488,0,Investment_Trust,0
2026-01-07,2488,0,Dealer_self,8000
2026-01-07,2488,0,Dealer_Hedging,0
2026-01-08,2488,3000,Foreign_Investor,12000
2026-01-08,2488,0,Foreign_Dealer_Self,0
2026-01-08,2488,0,Investment_Trust,0
2026-01-08,2488,0,Dealer_self,0
2026-01-08,2488,0,Dealer_Hedging,0
2026-01-09,2488,1000,Foreign_Investor,19000
2026-01-09,2488,0,Foreign_Dealer_Self,0
2026-01-09,2488,0,Investment_Trust,0
2026-01-09,2488,0,Dealer_self,0
2026-01-09,2488,0,Dealer_Hedging,0
2026-01-12,2488,40000,Foreign_Investor,195000
2026-01-12,2488,0,Foreign_Dealer_Self,0
2026-01-12,2488,0,Investment_Trust,0
2026-01-12,2488,12000,Dealer_self,15000
2026-01-12,2488,0,Dealer_Hedging,0
2026-01-13,2488,57000,Foreign_Investor,62000
2026-01-13,2488,0,Foreign_Dealer_Self,0
2026-01-13,2488,0,Investment_Trust,0
2026-01-13,2488,1000,Dealer_self,637
2026-01-13,2488,0,Dealer_Hedging,0
2026-01-14,2488,34000,Foreign_Investor,7000
2026-01-14,2488,0,Foreign_Dealer_Self,0
2026-01-14,2488,0,Investment_Trust,0
2026-01-14,2488,1000,Dealer_self,2025
2026-01-14,2488,0,Dealer_Hedging,0
2026-01-15,2488,22000,Foreign_Investor,3000
2026-01-15,2488,0,Foreign_Dealer_Self,0
2026-01-15,2488,0,Investment_Trust,0
2026-01-15,2488,3000,Dealer_self,52
2026-01-15,2488,0,Dealer_Hedging,0
2026-01-16,2488,29000,Foreign_Investor,5000
2026-01-16,2488,0,Foreign_Dealer_Self,0
2026-01-16,2488,0,Investment_Trust,0
2026-01-16,2488,0,Dealer_self,4093
2026-01-16,2488,0,Dealer_Hedging,0
2026-01-19,2488,80000,Foreign_Investor,13000
2026-01-19,2488,0,Foreign_Dealer_Self,0
2026-01-19,2488,0,Investment_Trust,0
2026-01-19,2488,39,Dealer_self,10022
2026-01-19,2488,0,Dealer_Hedging,0
2026-01-20,2488,32000,Foreign_Investor,17000
2026-01-20,2488,0,Foreign_Dealer_Self,0
2026-01-20,2488,0,Investment_Trust,0
2026-01-20,2488,8000,Dealer_self,3000
2026-01-20,2488,0,Dealer_Hedging,0
2026-01-21,2488,48000,Foreign_Investor,20000
2026-01-21,2488,0,Foreign_Dealer_Self,0
2026-01-21,2488,0,Investment_Trust,0
2026-01-21,2488,1031,Dealer_self,10001
2026-01-21,2488,0,Dealer_Hedging,0
2026-01-22,2488,51000,Foreign_Investor,9000
2026-01-22,2488,0,Foreign_Dealer_Self,0
2026-01-22,2488,0,Investment_Trust,0
2026-01-22,2488,0,Dealer_self,0
2026-01-22,2488,0,Dealer_Hedging,0
2026-01-23,2488,52000,Foreign_Investor,1000
2026-01-23,2488,0,Foreign_Dealer_Self,0
2026-01-23,2488,0,Investment_Trust,0
2026-01-23,2488,0,Dealer_self,0
2026-01-23,2488,0,Dealer_Hedging,0
2026-01-26,2488,32000,Foreign_Investor,4000
2026-01-26,2488,0,Foreign_Dealer_Self,0
2026-01-26,2488,0,Investment_Trust,0
2026-01-26,2488,0,Dealer_self,0
2026-01-26,2488,0,Dealer_Hedging,0
2026-01-27,2488,24000,Foreign_Investor,4000
2026-01-27,2488,0,Foreign_Dealer_Self,0
2026-01-27,2488,0,Investment_Trust,0
2026-01-27,2488,0,Dealer_self,9001
2026-01-27,2488,0,Dealer_Hedging,0
2026-01-28,2488,36000,Foreign_Investor,17000
2026-01-28,2488,0,Foreign_Dealer_Self,0
2026-01-28,2488,0,Investment_Trust,0
2026-01-28,2488,0,Dealer_self,0
2026-01-28,2488,0,Dealer_Hedging,0
2026-01-29,2488,9000,Foreign_Investor,48000
2026-01-29,2488,0,Foreign_Dealer_Self,0
2026-01-29,2488,0,Investment_Trust,0
2026-01-29,2488,1000,Dealer_self,1000
2026-01-29,2488,0,Dealer_Hedging,0
2026-01-30,2488,13000,Foreign_Investor,39000
2026-01-30,2488,0,Foreign_Dealer_Self,0
2026-01-30,2488,0,Investment_Trust,0
2026-01-30,2488,2000,Dealer_self,0
2026-01-30,2488,0,Dealer_Hedging,0
2026-02-02,2488,4000,Foreign_Investor,90000
2026-02-02,2488,0,Foreign_Dealer_Self,0
2026-02-02,2488,0,Investment_Trust,0
2026-02-02,2488,1000,Dealer_self,1126
2026-02-02,2488,0,Dealer_Hedging,0
2026-02-03,2488,5000,Foreign_Investor,41000
2026-02-03,2488,0,Foreign_Dealer_Self,0
2026-02-03,2488,0,Investment_Trust,0
2026-02-03,2488,1000,Dealer_self,3000
2026-02-03,2488,0,Dealer_Hedging,0
2026-02-04,2488,22000,Foreign_Investor,4000
2026-02-04,2488,0,Foreign_Dealer_Self,0
2026-02-04,2488,0,Investment_Trust,0
2026-02-04,2488,1000,Dealer_self,1010
2026-02-04,2488,0,Dealer_Hedging,0
2026-02-05,2488,32000,Foreign_Investor,3000
2026-02-05,2488,0,Foreign_Dealer_Self,0
2026-02-05,2488,0,Investment_Trust,0
2026-02-05,2488,1000,Dealer_self,0
2026-02-05,2488,0,Dealer_Hedging,0
2026-02-06,2488,57000,Foreign_Investor,59494
2026-02-06,2488,0,Foreign_Dealer_Self,0
2026-02-06,2488,0,Investment_Trust,0
2026-02-06,2488,2000,Dealer_self,128
2026-02-06,2488,0,Dealer_Hedging,0
2026-02-09,2488,68000,Foreign_Investor,2000
2026-02-09,2488,0,Foreign_Dealer_Self,0
2026-02-09,2488,0,Investment_Trust,0
2026-02-09,2488,1000,Dealer_self,0
2026-02-09,2488,0,Dealer_Hedging,0
2026-02-10,2488,67000,Foreign_Investor,6000
2026-02-10,2488,0,Foreign_Dealer_Self,0
2026-02-10,2488,0,Investment_Trust,0
2026-02-10,2488,2054,Dealer_self,8000
2026-02-10,2488,0,Dealer_Hedging,0
2026-02-11,2488,114000,Foreign_Investor,11000
2026-02-11,2488,0,Foreign_Dealer_Self,0
2026-02-11,2488,0,Investment_Trust,0
2026-02-11,2488,16000,Dealer_self,0
2026-02-11,2488,0,Dealer_Hedging,0
2026-02-23,2488,108000,Foreign_Investor,20000
2026-02-23,2488,0,Foreign_Dealer_Self,0
2026-02-23,2488,0,Investment_Trust,0
2026-02-23,2488,12000,Dealer_self,4000
2026-02-23,2488,0,Dealer_Hedging,0
2026-02-24,2488,38000,Foreign_Investor,29000
2026-02-24,2488,0,Foreign_Dealer_Self,0
2026-02-24,2488,0,Investment_Trust,0
2026-02-24,2488,1000,Dealer_self,0
2026-02-24,2488,0,Dealer_Hedging,0
2026-02-25,2488,77000,Foreign_Investor,26000
2026-02-25,2488,0,Foreign_Dealer_Self,0
2026-02-25,2488,0,Investment_Trust,0
2026-02-25,2488,2000,Dealer_self,4000
2026-02-25,2488,0,Dealer_Hedging,0
2026-02-26,2488,54433,Foreign_Investor,151000
2026-02-26,2488,0,Foreign_Dealer_Self,0
2026-02-26,2488,0,Investment_Trust,0
2026-02-26,2488,5000,Dealer_self,2000
2026-02-26,2488,0,Dealer_Hedging,0
2026-03-02,2488,48000,Foreign_Investor,6000
2026-03-02,2488,0,Foreign_Dealer_Self,0
2026-03-02,2488,0,Investment_Trust,0
2026-03-02,2488,1000,Dealer_self,16125
2026-03-02,2488,0,Dealer_Hedging,0
2026-03-03,2488,8000,Foreign_Investor,63000
2026-03-03,2488,0,Foreign_Dealer_Self,0
2026-03-03,2488,0,Investment_Trust,0
2026-03-03,2488,13000,Dealer_self,0
2026-03-03,2488,0,Dealer_Hedging,0
2026-03-04,2488,45000,Foreign_Investor,101000
2026-03-04,2488,0,Foreign_Dealer_Self,0
2026-03-04,2488,0,Investment_Trust,0
2026-03-04,2488,2000,Dealer_self,12000
2026-03-04,2488,0,Dealer_Hedging,0
2026-03-05,2488,25000,Foreign_Investor,36000
2026-03-05,2488,0,Foreign_Dealer_Self,0
2026-03-05,2488,0,Investment_Trust,0
2026-03-05,2488,2000,Dealer_self,6001
2026-03-05,2488,0,Dealer_Hedging,0
2026-03-06,2488,19000,Foreign_Investor,12000
2026-03-06,2488,0,Foreign_Dealer_Self,0
2026-03-06,2488,0,Investment_Trust,0
2026-03-06,2488,1579,Dealer_self,0
2026-03-06,2488,0,Dealer_Hedging,0
2026-03-09,2488,10000,Foreign_Investor,109000
2026-03-09,2488,0,Foreign_Dealer_Self,0
2026-03-09,2488,0,Investment_Trust,0
2026-03-09,2488,297,Dealer_self,7532
2026-03-09,2488,0,Dealer_Hedging,0
2026-03-10,2488,6002,Foreign_Investor,40000
2026-03-10,2488,0,Foreign_Dealer_Self,0
2026-03-10,2488,0,Investment_Trust,0
2026-03-10,2488,6339,Dealer_self,2000
2026-03-10,2488,0,Dealer_Hedging,0
2026-03-11,2488,62000,Foreign_Investor,29000
2026-03-11,2488,0,Foreign_Dealer_Self,0
2026-03-11,2488,0,Investment_Trust,0
2026-03-11,2488,0,Dealer_self,1000
2026-03-11,2488,0,Dealer_Hedging,0
2026-03-12,2488,27000,Foreign_Investor,13000
2026-03-12,2488,0,Foreign_Dealer_Self,0
2026-03-12,2488,0,Investment_Trust,0
2026-03-12,2488,612,Dealer_self,1000
2026-03-12,2488,0,Dealer_Hedging,0
2026-03-13,2488,15000,Foreign_Investor,17000
2026-03-13,2488,0,Foreign_Dealer_Self,0
2026-03-13,2488,0,Investment_Trust,0
2026-03-13,2488,0,Dealer_self,4004
2026-03-13,2488,0,Dealer_Hedging,0
2026-03-16,2488,17001,Foreign_Investor,28460
2026-03-16,2488,0,Foreign_Dealer_Self,0
2026-03-16,2488,0,Investment_Trust,0
2026-03-16,2488,0,Dealer_self,1078
2026-03-16,2488,0,Dealer_Hedging,0
2026-03-17,2488,44000,Foreign_Investor,40000
2026-03-17,2488,0,Foreign_Dealer_Self,0
2026-03-17,2488,0,Investment_Trust,0
2026-03-17,2488,2196,Dealer_self,7023
2026-03-17,2488,0,Dealer_Hedging,0
2026-03-18,2488,130000,Foreign_Investor,26000
2026-03-18,2488,0,Foreign_Dealer_Self,0
2026-03-18,2488,0,Investment_Trust,0
2026-03-18,2488,2000,Dealer_self,0
2026-03-18,2488,0,Dealer_Hedging,0
2026-03-19,2488,7000,Foreign_Investor,20000
2026-03-19,2488,0,Foreign_Dealer_Self,0
2026-03-19,2488,0,Investment_Trust,0
2026-03-19,2488,0,Dealer_self,0
2026-03-19,2488,0,Dealer_Hedging,0
2026-03-20,2488,24000,Foreign_Investor,22000
2026-03-20,2488,0,Foreign_Dealer_Self,0
2026-03-20,2488,0,Investment_Trust,0
2026-03-20,2488,0,Dealer_self,6
2026-03-20,2488,0,Dealer_Hedging,0
2026-03-23,2488,39000,Foreign_Investor,25000
2026-03-23,2488,0,Foreign_Dealer_Self,0
2026-03-23,2488,0,Investment_Trust,0
2026-03-23,2488,0,Dealer_self,5000
2026-03-23,2488,0,Dealer_Hedging,0
2026-03-24,2488,26000,Foreign_Investor,40000
2026-03-24,2488,0,Foreign_Dealer_Self,0
2026-03-24,2488,0,Investment_Trust,0
2026-03-24,2488,3000,Dealer_self,67
2026-03-24,2488,0,Dealer_Hedging,0
2026-03-25,2488,61000,Foreign_Investor,6000
2026-03-25,2488,0,Foreign_Dealer_Self,0
2026-03-25,2488,0,Investment_Trust,0
2026-03-25,2488,2000,Dealer_self,0
2026-03-25,2488,0,Dealer_Hedging,0
2026-03-26,2488,17000,Foreign_Investor,4000
2026-03-26,2488,0,Foreign_Dealer_Self,0
2026-03-26,2488,0,Investment_Trust,0
2026-03-26,2488,1000,Dealer_self,0
2026-03-26,2488,0,Dealer_Hedging,0
2026-03-27,2488,33000,Foreign_Investor,22000
2026-03-27,2488,0,Foreign_Dealer_Self,0
2026-03-27,2488,0,Investment_Trust,0
2026-03-27,2488,4000,Dealer_self,1000
2026-03-27,2488,0,Dealer_Hedging,0
2026-03-30,2488,35000,Foreign_Investor,6000
2026-03-30,2488,0,Foreign_Dealer_Self,0
2026-03-30,2488,0,Investment_Trust,0
2026-03-30,2488,0,Dealer_self,3000
2026-03-30,2488,0,Dealer_Hedging,0
2026-03-31,2488,33000,Foreign_Investor,4000
2026-03-31,2488,0,Foreign_Dealer_Self,0
2026-03-31,2488,0,Investment_Trust,0
2026-03-31,2488,2000,Dealer_self,0
2026-03-31,2488,0,Dealer_Hedging,0
2026-04-01,2488,121000,Foreign_Investor,6000
2026-04-01,2488,0,Foreign_Dealer_Self,0
2026-04-01,2488,0,Investment_Trust,0
2026-04-01,2488,9870,Dealer_self,15000
2026-04-01,2488,0,Dealer_Hedging,0
2026-04-02,2488,52000,Foreign_Investor,39000
2026-04-02,2488,0,Foreign_Dealer_Self,0
2026-04-02,2488,0,Investment_Trust,0
2026-04-02,2488,1337,Dealer_self,11000
2026-04-02,2488,0,Dealer_Hedging,0
2026-04-07,2488,88000,Foreign_Investor,20000
2026-04-07,2488,0,Foreign_Dealer_Self,0
2026-04-07,2488,0,Investment_Trust,0
2026-04-07,2488,0,Dealer_self,0
2026-04-07,2488,0,Dealer_Hedging,0
2026-04-08,2488,33001,Foreign_Investor,139000
2026-04-08,2488,0,Foreign_Dealer_Self,0
2026-04-08,2488,0,Investment_Trust,0
2026-04-08,2488,4000,Dealer_self,0
2026-04-08,2488,0,Dealer_Hedging,0
2026-04-09,2488,141001,Foreign_Investor,12000
2026-04-09,2488,0,Foreign_Dealer_Self,0
2026-04-09,2488,0,Investment_Trust,0
2026-04-09,2488,0,Dealer_self,6000
2026-04-09,2488,0,Dealer_Hedging,0
2026-04-10,2488,141000,Foreign_Investor,27000
2026-04-10,2488,0,Foreign_Dealer_Self,0
2026-04-10,2488,0,Investment_Trust,0
2026-04-10,2488,0,Dealer_self,0
2026-04-10,2488,0,Dealer_Hedging,0
2026-04-13,2488,99000,Foreign_Investor,38000
2026-04-13,2488,0,Foreign_Dealer_Self,0
2026-04-13,2488,0,Investment_Trust,0
2026-04-13,2488,3000,Dealer_self,0
2026-04-13,2488,0,Dealer_Hedging,0
2026-04-14,2488,102000,Foreign_Investor,18000
2026-04-14,2488,0,Foreign_Dealer_Self,0
2026-04-14,2488,0,Investment_Trust,0
2026-04-14,2488,1000,Dealer_self,0
2026-04-14,2488,0,Dealer_Hedging,0
2026-04-15,2488,106000,Foreign_Investor,20000
2026-04-15,2488,0,Foreign_Dealer_Self,0
2026-04-15,2488,0,Investment_Trust,0
2026-04-15,2488,0,Dealer_self,1000
2026-04-15,2488,0,Dealer_Hedging,0
2026-04-16,2488,103000,Foreign_Investor,25000
2026-04-16,2488,0,Foreign_Dealer_Self,0
2026-04-16,2488,0,Investment_Trust,0
2026-04-16,2488,1247,Dealer_self,3000
2026-04-16,2488,0,Dealer_Hedging,0
2026-04-17,2488,68394,Foreign_Investor,165000
2026-04-17,2488,0,Foreign_Dealer_Self,0
2026-04-17,2488,0,Investment_Trust,0
2026-04-17,2488,1000,Dealer_self,2000
2026-04-17,2488,0,Dealer_Hedging,0
2026-04-20,2488,116000,Foreign_Investor,76000
2026-04-20,2488,0,Foreign_Dealer_Self,0
2026-04-20,2488,0,Investment_Trust,0
2026-04-20,2488,0,Dealer_self,1001
2026-04-20,2488,0,Dealer_Hedging,0
2026-04-21,2488,40000,Foreign_Investor,31000
2026-04-21,2488,0,Foreign_Dealer_Self,0
2026-04-21,2488,0,Investment_Trust,0
2026-04-21,2488,0,Dealer_self,0
2026-04-21,2488,0,Dealer_Hedging,0
2026-04-22,2488,25000,Foreign_Investor,65000
2026-04-22,2488,0,Foreign_Dealer_Self,0
2026-04-22,2488,0,Investment_Trust,0
2026-04-22,2488,1000,Dealer_self,0
2026-04-22,2488,0,Dealer_Hedging,0
2026-04-23,2488,84000,Foreign_Investor,103000
2026-04-23,2488,0,Foreign_Dealer_Self,0
2026-04-23,2488,0,Investment_Trust,0
2026-04-23,2488,1000,Dealer_self,4000
2026-04-23,2488,0,Dealer_Hedging,0
2026-04-24,2488,4000,Foreign_Investor,63000
2026-04-24,2488,0,Foreign_Dealer_Self,0
2026-04-24,2488,0,Investment_Trust,0
2026-04-24,2488,0,Dealer_self,0
2026-04-24,2488,0,Dealer_Hedging,0
2026-04-27,2488,105000,Foreign_Investor,15000
2026-04-27,2488,0,Foreign_Dealer_Self,0
2026-04-27,2488,0,Investment_Trust,0
2026-04-27,2488,0,Dealer_self,1000
2026-04-27,2488,0,Dealer_Hedging,0
2026-04-28,2488,58000,Foreign_Investor,15000
2026-04-28,2488,0,Foreign_Dealer_Self,0
2026-04-28,2488,0,Investment_Trust,0
2026-04-28,2488,0,Dealer_self,7000
2026-04-28,2488,0,Dealer_Hedging,0
2026-04-29,2488,27000,Foreign_Investor,48000
2026-04-29,2488,0,Foreign_Dealer_Self,0
2026-04-29,2488,0,Investment_Trust,0
2026-04-29,2488,0,Dealer_self,0
2026-04-29,2488,0,Dealer_Hedging,0
2026-04-30,2488,134000,Foreign_Investor,81000
2026-04-30,2488,0,Foreign_Dealer_Self,0
2026-04-30,2488,0,Investment_Trust,0
2026-04-30,2488,1153,Dealer_self,1000
2026-04-30,2488,0,Dealer_Hedging,0
2026-05-04,2488,25000,Foreign_Investor,100000
2026-05-04,2488,0,Foreign_Dealer_Self,0
2026-05-04,2488,0,Investment_Trust,0
2026-05-04,2488,0,Dealer_self,0
2026-05-04,2488,0,Dealer_Hedging,0
2026-05-05,2488,103000,Foreign_Investor,11001
2026-05-05,2488,0,Foreign_Dealer_Self,0
2026-05-05,2488,0,Investment_Trust,0
2026-05-05,2488,0,Dealer_self,1000
2026-05-05,2488,0,Dealer_Hedging,0
2026-05-06,2488,93022,Foreign_Investor,44000
2026-05-06,2488,0,Foreign_Dealer_Self,0
2026-05-06,2488,0,Investment_Trust,0
2026-05-06,2488,0,Dealer_self,0
2026-05-06,2488,0,Dealer_Hedging,0
2026-05-07,2488,169000,Foreign_Investor,8000
2026-05-07,2488,0,Foreign_Dealer_Self,0
2026-05-07,2488,0,Investment_Trust,0
2026-05-07,2488,8000,Dealer_self,1000
2026-05-07,2488,0,Dealer_Hedging,0
2026-05-08,2488,39600,Foreign_Investor,49000
2026-05-08,2488,0,Foreign_Dealer_Self,0
2026-05-08,2488,0,Investment_Trust,0
2026-05-08,2488,1000,Dealer_self,1000
2026-05-08,2488,0,Dealer_Hedging,0
2026-05-11,2488,58000,Foreign_Investor,26000
2026-05-11,2488,0,Foreign_Dealer_Self,0
2026-05-11,2488,0,Investment_Trust,0
2026-05-11,2488,0,Dealer_self,1000
2026-05-11,2488,0,Dealer_Hedging,0
2026-05-12,2488,19000,Foreign_Investor,30000
2026-05-12,2488,0,Foreign_Dealer_Self,0
2026-05-12,2488,0,Investment_Trust,0
2026-05-12,2488,0,Dealer_self,2000
2026-05-12,2488,0,Dealer_Hedging,0
2026-05-13,2488,39000,Foreign_Investor,45000
2026-05-13,2488,0,Foreign_Dealer_Self,0
2026-05-13,2488,0,Investment_Trust,0
2026-05-13,2488,0,Dealer_self,286
2026-05-13,2488,0,Dealer_Hedging,0
2026-05-14,2488,30000,Foreign_Investor,12000
2026-05-14,2488,0,Foreign_Dealer_Self,0
2026-05-14,2488,0,Investment_Trust,0
2026-05-14,2488,0,Dealer_self,0
2026-05-14,2488,0,Dealer_Hedging,0
2026-05-15,2488,61000,Foreign_Investor,85000
2026-05-15,2488,0,Foreign_Dealer_Self,0
2026-05-15,2488,0,Investment_Trust,0
2026-05-15,2488,0,Dealer_self,0
2026-05-15,2488,0,Dealer_Hedging,0
2026-05-18,2488,24000,Foreign_Investor,32000
2026-05-18,2488,0,Foreign_Dealer_Self,0
2026-05-18,2488,0,Investment_Trust,0
2026-05-18,2488,0,Dealer_self,0
2026-05-18,2488,0,Dealer_Hedging,0
2026-05-19,2488,41000,Foreign_Investor,28000
2026-05-19,2488,0,Foreign_Dealer_Self,0
2026-05-19,2488,0,Investment_Trust,0
2026-05-19,2488,93,Dealer_self,0
2026-05-19,2488,0,Dealer_Hedging,0
2026-05-20,2488,28062,Foreign_Investor,22000
2026-05-20,2488,0,Foreign_Dealer_Self,0
2026-05-20,2488,0,Investment_Trust,0
2026-05-20,2488,1000,Dealer_self,1000
2026-05-20,2488,0,Dealer_Hedging,0
2026-05-21,2488,61000,Foreign_Investor,6000
2026-05-21,2488,0,Foreign_Dealer_Self,0
2026-05-21,2488,0,Investment_Trust,0
2026-05-21,2488,0,Dealer_self,4
2026-05-21,2488,0,Dealer_Hedging,0
2026-05-22,2488,182000,Foreign_Investor,65000
2026-05-22,2488,0,Foreign_Dealer_Self,0
2026-05-22,2488,0,Investment_Trust,0
2026-05-22,2488,3809,Dealer_self,3185
2026-05-22,2488,0,Dealer_Hedging,0
2026-05-25,2488,44000,Foreign_Investor,127000
2026-05-25,2488,0,Foreign_Dealer_Self,0
2026-05-25,2488,0,Investment_Trust,0
2026-05-25,2488,2006,Dealer_self,0
2026-05-25,2488,0,Dealer_Hedging,0
2026-05-26,2488,57017,Foreign_Investor,56000
2026-05-26,2488,0,Foreign_Dealer_Self,0
2026-05-26,2488,0,Investment_Trust,0
2026-05-26,2488,0,Dealer_self,2186
2026-05-26,2488,0,Dealer_Hedging,0
2026-05-27,2488,56000,Foreign_Investor,71000
2026-05-27,2488,0,Foreign_Dealer_Self,0
2026-05-27,2488,0,Investment_Trust,0
2026-05-27,2488,1000,Dealer_self,0
2026-05-27,2488,0,Dealer_Hedging,0
2026-05-28,2488,155000,Foreign_Investor,201000
2026-05-28,2488,0,Foreign_Dealer_Self,0
2026-05-28,2488,0,Investment_Trust,0
2026-05-28,2488,3000,Dealer_self,1000
2026-05-28,2488,0,Dealer_Hedging,0
2026-05-29,2488,63000,Foreign_Investor,39000
2026-05-29,2488,0,Foreign_Dealer_Self,0
2026-05-29,2488,0,Investment_Trust,0
2026-05-29,2488,0,Dealer_self,1
2026-05-29,2488,0,Dealer_Hedging,0
2026-06-01,2488,111080,Foreign_Investor,20000
2026-06-01,2488,0,Foreign_Dealer_Self,0
2026-06-01,2488,0,Investment_Trust,0
2026-06-01,2488,0,Dealer_self,0
2026-06-01,2488,0,Dealer_Hedging,0
2026-06-02,2488,43200,Foreign_Investor,139000
2026-06-02,2488,0,Foreign_Dealer_Self,0
2026-06-02,2488,0,Investment_Trust,0
2026-06-02,2488,0,Dealer_self,0
2026-06-02,2488,0,Dealer_Hedging,0
2026-06-03,2488,30002,Foreign_Investor,20000
2026-06-03,2488,0,Foreign_Dealer_Self,0
2026-06-03,2488,0,Investment_Trust,0
2026-06-03,2488,1000,Dealer_self,0
2026-06-03,2488,0,Dealer_Hedging,0
2026-06-04,2488,59039,Foreign_Investor,39000
2026-06-04,2488,0,Foreign_Dealer_Self,0
2026-06-04,2488,0,Investment_Trust,0
2026-06-04,2488,0,Dealer_self,0
2026-06-04,2488,0,Dealer_Hedging,0
2026-06-05,2488,17030,Foreign_Investor,22001
2026-06-05,2488,0,Foreign_Dealer_Self,0
2026-06-05,2488,0,Investment_Trust,0
2026-06-05,2488,6000,Dealer_self,2001
2026-06-05,2488,0,Dealer_Hedging,0
2026-06-08,2488,55000,Foreign_Investor,127062
2026-06-08,2488,0,Foreign_Dealer_Self,0
2026-06-08,2488,0,Investment_Trust,0
2026-06-08,2488,5,Dealer_self,1000
2026-06-08,2488,0,Dealer_Hedging,0
2026-06-09,2488,49426,Foreign_Investor,30000
2026-06-09,2488,0,Foreign_Dealer_Self,0
2026-06-09,2488,0,Investment_Trust,0
2026-06-09,2488,0,Dealer_self,11000
2026-06-09,2488,0,Dealer_Hedging,0
2026-06-10,2488,25040,Foreign_Investor,44000
2026-06-10,2488,0,Foreign_Dealer_Self,0
2026-06-10,2488,0,Investment_Trust,0
2026-06-10,2488,2008,Dealer_self,2496
2026-06-10,2488,0,Dealer_Hedging,0
