date,stock_id,buy,name,sell
2025-04-25,6213,695119,Foreign_Investor,404264
2025-04-25,6213,0,Foreign_Dealer_Self,0
2025-04-25,6213,0,Investment_Trust,0
2025-04-25,6213,2000,Dealer_self,2000
2025-04-25,6213,8000,Dealer_Hedging,22656
2025-04-28,6213,747132,Foreign_Investor,198178
2025-04-28,6213,0,Foreign_Dealer_Self,0
2025-04-28,6213,0,Investment_Trust,0
2025-04-28,6213,0,Dealer_self,0
2025-04-28,6213,14184,Dealer_Hedging,37468
2025-04-29,6213,429709,Foreign_Investor,188569
2025-04-29,6213,0,Foreign_Dealer_Self,0
2025-04-29,6213,0,Investment_Trust,0
2025-04-29,6213,0,Dealer_self,0
2025-04-29,6213,9100,Dealer_Hedging,12000
2025-04-30,6213,493766,Foreign_Investor,354709
2025-04-30,6213,0,Foreign_Dealer_Self,0
2025-04-30,6213,0,Investment_Trust,0
2025-04-30,6213,0,Dealer_self,15000
2025-04-30,6213,285,Dealer_Hedging,25007
2025-05-02,6213,766858,Foreign_Investor,390432
2025-05-02,6213,0,Foreign_Dealer_Self,0
2025-05-02,6213,0,Investment_Trust,0
2025-05-02,6213,33000,Dealer_self,4000
2025-05-02,6213,17000,Dealer_Hedging,2000
2025-05-05,6213,622000,Foreign_Investor,533126
2025-05-05,6213,0,Foreign_Dealer_Self,0
2025-05-05,6213,0,Investment_Trust,0
2025-05-05,6213,15000,Dealer_self,13001
2025-05-05,6213,0,Dealer_Hedging,24176
2025-05-06,6213,913420,Foreign_Investor,319115
2025-05-06,6213,0,Foreign_Dealer_Self,0
2025-05-06,6213,0,Investment_Trust,0
2025-05-06,6213,4000,Dealer_self,18000
2025-05-06,6213,3236,Dealer_Hedging,12000
2025-05-07,6213,3552996,Foreign_Investor,1714000
2025-05-07,6213,0,Foreign_Dealer_Self,0
2025-05-07,6213,0,Investment_Trust,0
2025-05-07,6213,21000,Dealer_self,27000
2025-05-07,6213,12794,Dealer_Hedging,3000
2025-05-08,6213,2665710,Foreign_Investor,2466425
2025-05-08,6213,0,Foreign_Dealer_Self,0
2025-05-08,6213,0,Investment_Trust,0
2025-05-08,6213,64105,Dealer_self,12000
2025-05-08,6213,49220,Dealer_Hedging,24000
2025-05-09,6213,2690981,Foreign_Investor,781095
2025-05-09,6213,0,Foreign_Dealer_Self,0
2025-05-09,6213,0,Investment_Trust,0
2025-05-09,6213,33000,Dealer_self,47000
2025-05-09,6213,73668,Dealer_Hedging,63000
2025-05-12,6213,1357784,Foreign_Investor,892087
2025-05-12,6213,0,Foreign_Dealer_Self,0
2025-05-12,6213,0,Investment_Trust,0
2025-05-12,6213,25288,Dealer_self,6000
2025-05-12,6213,3717,Dealer_Hedging,62000
2025-05-13,6213,3357596,Foreign_Investor,2520869
2025-05-13,6213,0,Foreign_Dealer_Self,0
2025-05-13,6213,0,Investment_Trust,0
2025-05-13,6213,17000,Dealer_self,3000
2025-05-13,6213,10000,Dealer_Hedging,42000
2025-05-14,6213,3562618,Foreign_Investor,770706
2025-05-14,6213,0,Foreign_Dealer_Self,0
2025-05-14,6213,0,Investment_Trust,0
2025-05-14,6213,63000,Dealer_self,0
2025-05-14,6213,119304,Dealer_Hedging,43000
2025-05-15,6213,2250508,Foreign_Investor,1284100
2025-05-15,6213,0,Foreign_Dealer_Self,0
2025-05-15,6213,0,Investment_Trust,0
2025-05-15,6213,2000,Dealer_self,25000
2025-05-15,6213,16855,Dealer_Hedging,68337
2025-05-16,6213,723600,Foreign_Investor,874766
2025-05-16,6213,0,Foreign_Dealer_Self,0
2025-05-16,6213,0,Investment_Trust,0
2025-05-16,6213,10000,Dealer_self,66000
2025-05-16,6213,53148,Dealer_Hedging,50787
2025-05-19,6213,1724928,Foreign_Investor,766248
2025-05-19,6213,0,Foreign_Dealer_Self,0
2025-05-19,6213,577000,Investment_Trust,0
2025-05-19,6213,1000,Dealer_self,5000
2025-05-19,6213,29939,Dealer_Hedging,22000
2025-05-20,6213,2284046,Foreign_Investor,1825043
2025-05-20,6213,0,Foreign_Dealer_Self,0
2025-05-20,6213,579000,Investment_Trust,0
2025-05-20,6213,40000,Dealer_self,11000
2025-05-20,6213,90487,Dealer_Hedging,29000
2025-05-21,6213,2769200,Foreign_Investor,2118207
2025-05-21,6213,0,Foreign_Dealer_Self,0
2025-05-21,6213,556000,Investment_Trust,0
2025-05-21,6213,175000,Dealer_self,7000
2025-05-21,6213,463184,Dealer_Hedging,36179
2025-05-22,6213,4151109,Foreign_Investor,1705000
2025-05-22,6213,0,Foreign_Dealer_Self,0
2025-05-22,6213,103000,Investment_Trust,0
2025-05-22,6213,44000,Dealer_self,21000
2025-05-22,6213,158083,Dealer_Hedging,21466
2025-05-23,6213,1654292,Foreign_Investor,1200709
2025-05-23,6213,0,Foreign_Dealer_Self,0
2025-05-23,6213,102000,Investment_Trust,0
2025-05-23,6213,30518,Dealer_self,16000
2025-05-23,6213,157811,Dealer_Hedging,144261
2025-05-26,6213,9935562,Foreign_Investor,4987190
2025-05-26,6213,0,Foreign_Dealer_Self,0
2025-05-26,6213,0,Investment_Trust,79000
2025-05-26,6213,380851,Dealer_self,193000
2025-05-26,6213,444434,Dealer_Hedging,515921
2025-05-27,6213,11149415,Foreign_Investor,7723421
2025-05-27,6213,0,Foreign_Dealer_Self,0
2025-05-27,6213,0,Investment_Trust,46000
2025-05-27,6213,283000,Dealer_self,189142
2025-05-27,6213,191287,Dealer_Hedging,293774
2025-05-28,6213,10332887,Foreign_Investor,4753269
2025-05-28,6213,0,Foreign_Dealer_Self,0
2025-05-28,6213,0,Investment_Trust,124000
2025-05-28,6213,243152,Dealer_self,248816
2025-05-28,6213,430277,Dealer_Hedging,153995
2025-05-29,6213,4699214,Foreign_Investor,4319764
2025-05-29,6213,0,Foreign_Dealer_Self,0
2025-05-29,6213,0,Investment_Trust,109000
2025-05-29,6213,163094,Dealer_self,222000
2025-05-29,6213,146115,Dealer_Hedging,178150
2025-06-02,6213,1766795,Foreign_Investor,1782880
2025-06-02,6213,0,Foreign_Dealer_Self,0
2025-06-02,6213,0,Investment_Trust,37000
2025-06-02,6213,89000,Dealer_self,328000
2025-06-02,6213,50737,Dealer_Hedging,63540
2025-06-03,6213,4073221,Foreign_Investor,7217370
2025-06-03,6213,0,Foreign_Dealer_Self,0
2025-06-03,6213,400000,Investment_Trust,8000
2025-06-03,6213,202000,Dealer_self,119051
2025-06-03,6213,313344,Dealer_Hedging,125134
2025-06-04,6213,2757000,Foreign_Investor,2605221
2025-06-04,6213,0,Foreign_Dealer_Self,0
2025-06-04,6213,0,Investment_Trust,10000
2025-06-04,6213,95000,Dealer_self,70566
2025-06-04,6213,40298,Dealer_Hedging,34778
2025-06-05,6213,2251000,Foreign_Investor,1357000
2025-06-05,6213,0,Foreign_Dealer_Self,0
2025-06-05,6213,0,Investment_Trust,34000
2025-06-05,6213,183431,Dealer_self,27000
2025-06-05,6213,68445,Dealer_Hedging,2060
2025-06-06,6213,3778492,Foreign_Investor,3263000
2025-06-06,6213,0,Foreign_Dealer_Self,0
2025-06-06,6213,0,Investment_Trust,10000
2025-06-06,6213,28938,Dealer_self,206500
2025-06-06,6213,40131,Dealer_Hedging,92143
2025-06-09,6213,2820235,Foreign_Investor,1795133
2025-06-09,6213,0,Foreign_Dealer_Self,0
2025-06-09,6213,0,Investment_Trust,0
2025-06-09,6213,149583,Dealer_self,181971
2025-06-09,6213,49706,Dealer_Hedging,25477
2025-06-10,6213,2977125,Foreign_Investor,4671235
2025-06-10,6213,0,Foreign_Dealer_Self,0
2025-06-10,6213,477000,Investment_Trust,14000
2025-06-10,6213,380395,Dealer_self,51898
2025-06-10,6213,403607,Dealer_Hedging,29992
2025-06-11,6213,4574172,Foreign_Investor,3378125
2025-06-11,6213,0,Foreign_Dealer_Self,0
2025-06-11,6213,0,Investment_Trust,15000
2025-06-11,6213,149000,Dealer_self,88663
2025-06-11,6213,169671,Dealer_Hedging,195663
2025-06-12,6213,1806000,Foreign_Investor,4705338
2025-06-12,6213,0,Foreign_Dealer_Self,0
2025-06-12,6213,0,Investment_Trust,0
2025-06-12,6213,71000,Dealer_self,74593
2025-06-12,6213,138124,Dealer_Hedging,114647
2025-06-13,6213,7557000,Foreign_Investor,7112000
2025-06-13,6213,0,Foreign_Dealer_Self,0
2025-06-13,6213,0,Investment_Trust,12000
2025-06-13,6213,405000,Dealer_self,408846
2025-06-13,6213,801878,Dealer_Hedging,630192
2025-06-16,6213,1838000,Foreign_Investor,1261000
2025-06-16,6213,0,Foreign_Dealer_Self,0
2025-06-16,6213,0,Investment_Trust,3000
2025-06-16,6213,42000,Dealer_self,90000
2025-06-16,6213,22003,Dealer_Hedging,194896
2025-06-17,6213,2228186,Foreign_Investor,3580000
2025-06-17,6213,0,Foreign_Dealer_Self,0
2025-06-17,6213,0,Investment_Trust,3000
2025-06-17,6213,13006,Dealer_self,159284
2025-06-17,6213,7633,Dealer_Hedging,316666
2025-06-18,6213,1649000,Foreign_Investor,841002
2025-06-18,6213,0,Foreign_Dealer_Self,0
2025-06-18,6213,0,Investment_Trust,0
2025-06-18,6213,53000,Dealer_self,24000
2025-06-18,6213,25473,Dealer_Hedging,58000
2025-06-19,6213,1528073,Foreign_Investor,1029097
2025-06-19,6213,0,Foreign_Dealer_Self,0
2025-06-19,6213,0,Investment_Trust,0
2025-06-19,6213,31000,Dealer_self,24000
2025-06-19,6213,3197,Dealer_Hedging,66295
2025-06-20,6213,2614000,Foreign_Investor,1068000
2025-06-20,6213,0,Foreign_Dealer_Self,0
2025-06-20,6213,0,Investment_Trust,0
2025-06-20,6213,7000,Dealer_self,43112
2025-06-20,6213,8073,Dealer_Hedging,154014
2025-06-23,6213,1581000,Foreign_Investor,1320000
2025-06-23,6213,0,Foreign_Dealer_Self,0
2025-06-23,6213,0,Investment_Trust,5000
2025-06-23,6213,21000,Dealer_self,17105
2025-06-23,6213,57867,Dealer_Hedging,34019
2025-06-24,6213,1407113,Foreign_Investor,805000
2025-06-24,6213,0,Foreign_Dealer_Self,0
2025-06-24,6213,0,Investment_Trust,0
2025-06-24,6213,71000,Dealer_self,24140
2025-06-24,6213,184889,Dealer_Hedging,27012
2025-06-25,6213,1776000,Foreign_Investor,1393000
2025-06-25,6213,0,Foreign_Dealer_Self,0
2025-06-25,6213,3000,Investment_Trust,0
2025-06-25,6213,96555,Dealer_self,49120
2025-06-25,6213,47364,Dealer_Hedging,16025
2025-06-26,6213,1987070,Foreign_Investor,1700742
2025-06-26,6213,0,Foreign_Dealer_Self,0
2025-06-26,6213,3000,Investment_Trust,0
2025-06-26,6213,26000,Dealer_self,179000
2025-06-26,6213,19136,Dealer_Hedging,71245
2025-06-27,6213,2469828,Foreign_Investor,2110000
2025-06-27,6213,0,Foreign_Dealer_Self,0
2025-06-27,6213,7000,Investment_Trust,0
2025-06-27,6213,8000,Dealer_self,149000
2025-06-27,6213,116380,Dealer_Hedging,77622
2025-06-30,6213,2611000,Foreign_Investor,2212000
2025-06-30,6213,0,Foreign_Dealer_Self,0
2025-06-30,6213,0,Investment_Trust,0
2025-06-30,6213,75400,Dealer_self,90000
2025-06-30,6213,14000,Dealer_Hedging,96768
2025-07-01,6213,1353000,Foreign_Investor,890000
2025-07-01,6213,0,Foreign_Dealer_Self,0
2025-07-01,6213,7000,Investment_Trust,0
2025-07-01,6213,59190,Dealer_self,57000
2025-07-01,6213,82000,Dealer_Hedging,12593
2025-07-02,6213,2612381,Foreign_Investor,3026150
2025-07-02,6213,0,Foreign_Dealer_Self,0
2025-07-02,6213,6000,Investment_Trust,0
2025-07-02,6213,88000,Dealer_self,79000
2025-07-02,6213,211196,Dealer_Hedging,109720
2025-07-03,6213,1883000,Foreign_Investor,760000
2025-07-03,6213,0,Foreign_Dealer_Self,0
2025-07-03,6213,0,Investment_Trust,0
2025-07-03,6213,59183,Dealer_self,22000
2025-07-03,6213,78600,Dealer_Hedging,70146
2025-07-04,6213,2036200,Foreign_Investor,2666000
2025-07-04,6213,0,Foreign_Dealer_Self,0
2025-07-04,6213,0,Investment_Trust,0
2025-07-04,6213,1165,Dealer_self,30020
2025-07-04,6213,135305,Dealer_Hedging,214303
2025-07-07,6213,2022150,Foreign_Investor,480000
2025-07-07,6213,0,Foreign_Dealer_Self,0
2025-07-07,6213,3000,Investment_Trust,0
2025-07-07,6213,27000,Dealer_self,2467
2025-07-07,6213,84585,Dealer_Hedging,58596
2025-07-08,6213,3999000,Foreign_Investor,1271000
2025-07-08,6213,0,Foreign_Dealer_Self,0
2025-07-08,6213,0,Investment_Trust,0
2025-07-08,6213,34000,Dealer_self,138016
2025-07-08,6213,327238,Dealer_Hedging,64274
2025-07-09,6213,1754000,Foreign_Investor,1060117
2025-07-09,6213,0,Foreign_Dealer_Self,0
2025-07-09,6213,0,Investment_Trust,0
2025-07-09,6213,109000,Dealer_self,6300
2025-07-09,6213,44350,Dealer_Hedging,316040
2025-07-10,6213,4329078,Foreign_Investor,3881000
2025-07-10,6213,0,Foreign_Dealer_Self,0
2025-07-10,6213,0,Investment_Trust,0
2025-07-10,6213,395000,Dealer_self,93756
2025-07-10,6213,285259,Dealer_Hedging,88099
2025-07-11,6213,2065143,Foreign_Investor,3308245
2025-07-11,6213,0,Foreign_Dealer_Self,0
2025-07-11,6213,3000,Investment_Trust,0
2025-07-11,6213,5000,Dealer_self,16315
2025-07-11,6213,49527,Dealer_Hedging,240931
2025-07-14,6213,1578302,Foreign_Investor,1779000
2025-07-14,6213,0,Foreign_Dealer_Self,0
2025-07-14,6213,0,Investment_Trust,16000
2025-07-14,6213,5000,Dealer_self,62000
2025-07-14,6213,23242,Dealer_Hedging,48622
2025-07-15,6213,6615188,Foreign_Investor,4903827
2025-07-15,6213,0,Foreign_Dealer_Self,0
2025-07-15,6213,107000,Investment_Trust,0
2025-07-15,6213,1085000,Dealer_self,340000
2025-07-15,6213,867190,Dealer_Hedging,72391
2025-07-16,6213,3675112,Foreign_Investor,9593602
2025-07-16,6213,0,Foreign_Dealer_Self,0
2025-07-16,6213,44000,Investment_Trust,0
2025-07-16,6213,126157,Dealer_self,547000
2025-07-16,6213,151551,Dealer_Hedging,407294
2025-07-17,6213,2559064,Foreign_Investor,1947703
2025-07-17,6213,0,Foreign_Dealer_Self,0
2025-07-17,6213,16000,Investment_Trust,0
2025-07-17,6213,41816,Dealer_self,335087
2025-07-17,6213,51146,Dealer_Hedging,100798
2025-07-18,6213,5557000,Foreign_Investor,2568000
2025-07-18,6213,0,Foreign_Dealer_Self,0
2025-07-18,6213,0,Investment_Trust,0
2025-07-18,6213,296029,Dealer_self,13570
2025-07-18,6213,398110,Dealer_Hedging,177160
2025-07-21,6213,2918000,Foreign_Investor,2391000
2025-07-21,6213,0,Foreign_Dealer_Self,0
2025-07-21,6213,23000,Investment_Trust,0
2025-07-21,6213,19033,Dealer_self,59000
2025-07-21,6213,69020,Dealer_Hedging,229563
2025-07-22,6213,2698000,Foreign_Investor,2053400
2025-07-22,6213,0,Foreign_Dealer_Self,0
2025-07-22,6213,0,Investment_Trust,0
2025-07-22,6213,3000,Dealer_self,330000
2025-07-22,6213,34802,Dealer_Hedging,337556
2025-07-23,6213,2556112,Foreign_Investor,1778000
2025-07-23,6213,0,Foreign_Dealer_Self,0
2025-07-23,6213,0,Investment_Trust,0
2025-07-23,6213,40000,Dealer_self,23000
2025-07-23,6213,14555,Dealer_Hedging,78801
2025-07-24,6213,4642000,Foreign_Investor,3795719
2025-07-24,6213,0,Foreign_Dealer_Self,0
2025-07-24,6213,96000,Investment_Trust,0
2025-07-24,6213,438804,Dealer_self,101842
2025-07-24,6213,297065,Dealer_Hedging,24919
2025-07-25,6213,7429000,Foreign_Investor,6743112
2025-07-25,6213,0,Foreign_Dealer_Self,0
2025-07-25,6213,1166000,Investment_Trust,0
2025-07-25,6213,636743,Dealer_self,386479
2025-07-25,6213,973721,Dealer_Hedging,286552
2025-07-28,6213,12015100,Foreign_Investor,14541045
2025-07-28,6213,0,Foreign_Dealer_Self,0
2025-07-28,6213,1407000,Investment_Trust,0
2025-07-28,6213,775000,Dealer_self,561306
2025-07-28,6213,1080731,Dealer_Hedging,432302
2025-07-29,6213,6095000,Foreign_Investor,4979100
2025-07-29,6213,0,Foreign_Dealer_Self,0
2025-07-29,6213,961000,Investment_Trust,6000
2025-07-29,6213,59000,Dealer_self,172000
2025-07-29,6213,75400,Dealer_Hedging,898960
2025-07-30,6213,4393000,Foreign_Investor,5118000
2025-07-30,6213,0,Foreign_Dealer_Self,0
2025-07-30,6213,664000,Investment_Trust,0
2025-07-30,6213,115000,Dealer_self,165378
2025-07-30,6213,155000,Dealer_Hedging,197650
2025-07-31,6213,7155200,Foreign_Investor,13135000
2025-07-31,6213,0,Foreign_Dealer_Self,0
2025-07-31,6213,331000,Investment_Trust,10000
2025-07-31,6213,526000,Dealer_self,191642
2025-07-31,6213,584980,Dealer_Hedging,309533
2025-08-01,6213,5494000,Foreign_Investor,3889195
2025-08-01,6213,0,Foreign_Dealer_Self,0
2025-08-01,6213,19000,Investment_Trust,0
2025-08-01,6213,379000,Dealer_self,651000
2025-08-01,6213,303069,Dealer_Hedging,501080
2025-08-04,6213,4206000,Foreign_Investor,2730000
2025-08-04,6213,0,Foreign_Dealer_Self,0
2025-08-04,6213,91000,Investment_Trust,0
2025-08-04,6213,161000,Dealer_self,423000
2025-08-04,6213,32793,Dealer_Hedging,429806
2025-08-05,6213,4841209,Foreign_Investor,6969783
2025-08-05,6213,0,Foreign_Dealer_Self,0
2025-08-05,6213,402000,Investment_Trust,0
2025-08-05,6213,317000,Dealer_self,46885
2025-08-05,6213,481944,Dealer_Hedging,71858
2025-08-06,6213,5371400,Foreign_Investor,6679011
2025-08-06,6213,0,Foreign_Dealer_Self,0
2025-08-06,6213,14000,Investment_Trust,768000
2025-08-06,6213,187000,Dealer_self,813835
2025-08-06,6213,265509,Dealer_Hedging,789729
2025-08-07,6213,5235000,Foreign_Investor,5810626
2025-08-07,6213,0,Foreign_Dealer_Self,0
2025-08-07,6213,0,Investment_Trust,1278000
2025-08-07,6213,115000,Dealer_self,189225
2025-08-07,6213,39149,Dealer_Hedging,60423
2025-08-08,6213,3483112,Foreign_Investor,3550100
2025-08-08,6213,0,Foreign_Dealer_Self,0
2025-08-08,6213,0,Investment_Trust,1066000
2025-08-08,6213,106000,Dealer_self,184576
2025-08-08,6213,29299,Dealer_Hedging,16421
2025-08-11,6213,11630000,Foreign_Investor,5855400
2025-08-11,6213,0,Foreign_Dealer_Self,0
2025-08-11,6213,0,Investment_Trust,856000
2025-08-11,6213,108639,Dealer_self,147122
2025-08-11,6213,315110,Dealer_Hedging,57142
2025-08-12,6213,8710200,Foreign_Investor,15314617
2025-08-12,6213,0,Foreign_Dealer_Self,0
2025-08-12,6213,1000,Investment_Trust,155000
2025-08-12,6213,205000,Dealer_self,187307
2025-08-12,6213,212309,Dealer_Hedging,250378
2025-08-13,6213,11438591,Foreign_Investor,14824000
2025-08-13,6213,0,Foreign_Dealer_Self,0
2025-08-13,6213,0,Investment_Trust,179000
2025-08-13,6213,449825,Dealer_self,75000
2025-08-13,6213,1599340,Dealer_Hedging,158708
2025-08-14,6213,15756435,Foreign_Investor,14167000
2025-08-14,6213,0,Foreign_Dealer_Self,0
2025-08-14,6213,1603000,Investment_Trust,0
2025-08-14,6213,454348,Dealer_self,219953
2025-08-14,6213,945821,Dealer_Hedging,395313
2025-08-15,6213,15034528,Foreign_Investor,18815290
2025-08-15,6213,0,Foreign_Dealer_Self,0
2025-08-15,6213,1000,Investment_Trust,0
2025-08-15,6213,1380921,Dealer_self,248014
2025-08-15,6213,1853697,Dealer_Hedging,642256
2025-08-18,6213,1905994,Foreign_Investor,1689240
2025-08-18,6213,0,Foreign_Dealer_Self,0
2025-08-18,6213,15000,Investment_Trust,0
2025-08-18,6213,17000,Dealer_self,54000
2025-08-18,6213,194087,Dealer_Hedging,119893
2025-08-19,6213,24667002,Foreign_Investor,14519442
2025-08-19,6213,0,Foreign_Dealer_Self,0
2025-08-19,6213,432000,Investment_Trust,970000
2025-08-19,6213,593642,Dealer_self,1141820
2025-08-19,6213,1325910,Dealer_Hedging,2178098
2025-08-20,6213,19241000,Foreign_Investor,15646526
2025-08-20,6213,0,Foreign_Dealer_Self,0
2025-08-20,6213,26000,Investment_Trust,16000
2025-08-20,6213,412280,Dealer_self,126000
2025-08-20,6213,274499,Dealer_Hedging,1032565
2025-08-21,6213,11661023,Foreign_Investor,21093000
2025-08-21,6213,0,Foreign_Dealer_Self,0
2025-08-21,6213,186000,Investment_Trust,57000
2025-08-21,6213,687206,Dealer_self,151000
2025-08-21,6213,804254,Dealer_Hedging,305458
2025-08-22,6213,4171000,Foreign_Investor,2538000
2025-08-22,6213,0,Foreign_Dealer_Self,0
2025-08-22,6213,0,Investment_Trust,49000
2025-08-22,6213,576058,Dealer_self,296058
2025-08-22,6213,536000,Dealer_Hedging,100700
2025-08-25,6213,1236214,Foreign_Investor,1335000
2025-08-25,6213,0,Foreign_Dealer_Self,0
2025-08-25,6213,75000,Investment_Trust,0
2025-08-25,6213,107000,Dealer_self,13000
2025-08-25,6213,110000,Dealer_Hedging,44854
2025-08-26,6213,734655,Foreign_Investor,634251
2025-08-26,6213,0,Foreign_Dealer_Self,0
2025-08-26,6213,0,Investment_Trust,0
2025-08-26,6213,154000,Dealer_self,228000
2025-08-26,6213,204000,Dealer_Hedging,51000
2025-08-27,6213,401010,Foreign_Investor,990000
2025-08-27,6213,0,Foreign_Dealer_Self,0
2025-08-27,6213,0,Investment_Trust,0
2025-08-27,6213,272000,Dealer_self,34000
2025-08-27,6213,308718,Dealer_Hedging,58688
2025-08-28,6213,298010,Foreign_Investor,894162
2025-08-28,6213,0,Foreign_Dealer_Self,0
2025-08-28,6213,0,Investment_Trust,0
2025-08-28,6213,4000,Dealer_self,13000
2025-08-28,6213,58149,Dealer_Hedging,53000
2025-08-29,6213,1158032,Foreign_Investor,988000
2025-08-29,6213,0,Foreign_Dealer_Self,0
2025-08-29,6213,0,Investment_Trust,0
2025-08-29,6213,916000,Dealer_self,43000
2025-08-29,6213,1099186,Dealer_Hedging,4000
2025-09-01,6213,409000,Foreign_Investor,697999
2025-09-01,6213,0,Foreign_Dealer_Self,0
2025-09-01,6213,294000,Investment_Trust,50000
2025-09-01,6213,365000,Dealer_self,420000
2025-09-01,6213,412000,Dealer_Hedging,396000
2025-09-02,6213,627010,Foreign_Investor,319608
2025-09-02,6213,0,Foreign_Dealer_Self,0
2025-09-02,6213,0,Investment_Trust,0
2025-09-02,6213,115000,Dealer_self,465000
2025-09-02,6213,72000,Dealer_Hedging,367500
2025-09-03,6213,942000,Foreign_Investor,1386000
2025-09-03,6213,0,Foreign_Dealer_Self,0
2025-09-03,6213,0,Investment_Trust,0
2025-09-03,6213,52000,Dealer_self,162000
2025-09-03,6213,55000,Dealer_Hedging,31000
2025-09-04,6213,1459000,Foreign_Investor,507908
2025-09-04,6213,0,Foreign_Dealer_Self,0
2025-09-04,6213,12000,Investment_Trust,0
2025-09-04,6213,163000,Dealer_self,909000
2025-09-04,6213,101000,Dealer_Hedging,415000
2025-09-05,6213,4229000,Foreign_Investor,10484000
2025-09-05,6213,0,Foreign_Dealer_Self,0
2025-09-05,6213,367000,Investment_Trust,202000
2025-09-05,6213,172031,Dealer_self,201000
2025-09-05,6213,330000,Dealer_Hedging,374368
2025-09-08,6213,9749010,Foreign_Investor,6300997
2025-09-08,6213,0,Foreign_Dealer_Self,0
2025-09-08,6213,0,Investment_Trust,0
2025-09-08,6213,159000,Dealer_self,826497
2025-09-08,6213,117423,Dealer_Hedging,1112723
2025-09-09,6213,3329000,Foreign_Investor,5007327
2025-09-09,6213,0,Foreign_Dealer_Self,0
2025-09-09,6213,12000,Investment_Trust,371000
2025-09-09,6213,25000,Dealer_self,100966
2025-09-09,6213,240406,Dealer_Hedging,418427
2025-09-10,6213,6441000,Foreign_Investor,3063000
2025-09-10,6213,0,Foreign_Dealer_Self,0
2025-09-10,6213,0,Investment_Trust,0
2025-09-10,6213,132000,Dealer_self,95000
2025-09-10,6213,146316,Dealer_Hedging,218906
2025-09-11,6213,4908000,Foreign_Investor,3912000
2025-09-11,6213,0,Foreign_Dealer_Self,0
2025-09-11,6213,0,Investment_Trust,20000
2025-09-11,6213,137000,Dealer_self,240000
2025-09-11,6213,57915,Dealer_Hedging,341595
2025-09-12,6213,3259000,Foreign_Investor,1980129
2025-09-12,6213,0,Foreign_Dealer_Self,0
2025-09-12,6213,0,Investment_Trust,0
2025-09-12,6213,19000,Dealer_self,63231
2025-09-12,6213,15763,Dealer_Hedging,501097
2025-09-15,6213,5822010,Foreign_Investor,2066000
2025-09-15,6213,0,Foreign_Dealer_Self,0
2025-09-15,6213,0,Investment_Trust,1620000
2025-09-15,6213,82000,Dealer_self,164000
2025-09-15,6213,29565,Dealer_Hedging,730246
2025-09-16,6213,4316000,Foreign_Investor,2120898
2025-09-16,6213,0,Foreign_Dealer_Self,0
2025-09-16,6213,0,Investment_Trust,1436000
2025-09-16,6213,197000,Dealer_self,174069
2025-09-16,6213,34100,Dealer_Hedging,110614
2025-09-17,6213,2454000,Foreign_Investor,2615800
2025-09-17,6213,0,Foreign_Dealer_Self,0
2025-09-17,6213,0,Investment_Trust,45000
2025-09-17,6213,25000,Dealer_self,654000
2025-09-17,6213,264247,Dealer_Hedging,178621
2025-09-18,6213,2869291,Foreign_Investor,2756000
2025-09-18,6213,0,Foreign_Dealer_Self,0
2025-09-18,6213,0,Investment_Trust,0
2025-09-18,6213,23000,Dealer_self,8000
2025-09-18,6213,96166,Dealer_Hedging,251268
2025-09-19,6213,1583000,Foreign_Investor,2143000
2025-09-19,6213,0,Foreign_Dealer_Self,0
2025-09-19,6213,0,Investment_Trust,0
2025-09-19,6213,54000,Dealer_self,6000
2025-09-19,6213,88754,Dealer_Hedging,108789
2025-09-22,6213,2294000,Foreign_Investor,2565000
2025-09-22,6213,0,Foreign_Dealer_Self,0
2025-09-22,6213,0,Investment_Trust,0
2025-09-22,6213,16000,Dealer_self,50000
2025-09-22,6213,126997,Dealer_Hedging,144183
2025-09-23,6213,2335000,Foreign_Investor,5604306
2025-09-23,6213,0,Foreign_Dealer_Self,0
2025-09-23,6213,0,Investment_Trust,0
2025-09-23,6213,68000,Dealer_self,83000
2025-09-23,6213,199676,Dealer_Hedging,146947
2025-09-24,6213,2813000,Foreign_Investor,3920899
2025-09-24,6213,0,Foreign_Dealer_Self,0
2025-09-24,6213,0,Investment_Trust,0
2025-09-24,6213,73356,Dealer_self,89000
2025-09-24,6213,91000,Dealer_Hedging,225492
2025-09-25,6213,1772020,Foreign_Investor,2970313
2025-09-25,6213,0,Foreign_Dealer_Self,0
2025-09-25,6213,0,Investment_Trust,0
2025-09-25,6213,14937,Dealer_self,151825
2025-09-25,6213,77126,Dealer_Hedging,78178
2025-09-26,6213,3254010,Foreign_Investor,1800000
2025-09-26,6213,0,Foreign_Dealer_Self,0
2025-09-26,6213,0,Investment_Trust,0
2025-09-26,6213,9000,Dealer_self,10000
2025-09-26,6213,40395,Dealer_Hedging,227272
2025-09-30,6213,1698000,Foreign_Investor,1652610
2025-09-30,6213,0,Foreign_Dealer_Self,0
2025-09-30,6213,29000,Investment_Trust,0
2025-09-30,6213,11000,Dealer_self,18000
2025-09-30,6213,319473,Dealer_Hedging,13054
2025-10-01,6213,2610000,Foreign_Investor,5062000
2025-10-01,6213,0,Foreign_Dealer_Self,0
2025-10-01,6213,0,Investment_Trust,142000
2025-10-01,6213,76000,Dealer_self,56000
2025-10-01,6213,45526,Dealer_Hedging,265560
2025-10-02,6213,1924000,Foreign_Investor,1613000
2025-10-02,6213,0,Foreign_Dealer_Self,0
2025-10-02,6213,0,Investment_Trust,47000
2025-10-02,6213,7000,Dealer_self,2000
2025-10-02,6213,23209,Dealer_Hedging,40210
2025-10-03,6213,1186000,Foreign_Investor,926076
2025-10-03,6213,0,Foreign_Dealer_Self,0
2025-10-03,6213,0,Investment_Trust,0
2025-10-03,6213,2000,Dealer_self,0
2025-10-03,6213,15045,Dealer_Hedging,11199
2025-10-07,6213,2661000,Foreign_Investor,3093150
2025-10-07,6213,0,Foreign_Dealer_Self,0
2025-10-07,6213,0,Investment_Trust,2000
2025-10-07,6213,63000,Dealer_self,12000
2025-10-07,6213,256568,Dealer_Hedging,18041
2025-10-08,6213,1879050,Foreign_Investor,2290850
2025-10-08,6213,0,Foreign_Dealer_Self,0
2025-10-08,6213,0,Investment_Trust,14000
2025-10-08,6213,8000,Dealer_self,7000
2025-10-08,6213,54555,Dealer_Hedging,184001
2025-10-09,6213,1647000,Foreign_Investor,1630000
2025-10-09,6213,0,Foreign_Dealer_Self,0
2025-10-09,6213,0,Investment_Trust,0
2025-10-09,6213,15000,Dealer_self,69000
2025-10-09,6213,42648,Dealer_Hedging,71055
2025-10-13,6213,2090598,Foreign_Investor,1429334
2025-10-13,6213,0,Foreign_Dealer_Self,0
2025-10-13,6213,0,Investment_Trust,0
2025-10-13,6213,132000,Dealer_self,205000
2025-10-13,6213,34814,Dealer_Hedging,108130
2025-10-14,6213,2600650,Foreign_Investor,2683046
2025-10-14,6213,0,Foreign_Dealer_Self,0
2025-10-14,6213,0,Investment_Trust,148000
2025-10-14,6213,81000,Dealer_self,261000
2025-10-14,6213,21210,Dealer_Hedging,168775
2025-10-15,6213,0,Foreign_Dealer_Self,0
2025-10-15,6213,0,Investment_Trust,81000
2025-10-15,6213,1000,Dealer_self,177046
2025-10-15,6213,29323,Dealer_Hedging,220081
2025-10-15,6213,2329367,Foreign_Investor,1319800
2025-10-16,6213,845000,Foreign_Investor,1003800
2025-10-16,6213,0,Foreign_Dealer_Self,0
2025-10-16,6213,0,Investment_Trust,0
2025-10-16,6213,91000,Dealer_self,1000
2025-10-16,6213,70995,Dealer_Hedging,16328
2025-10-17,6213,969087,Foreign_Investor,1370965
2025-10-17,6213,0,Foreign_Dealer_Self,0
2025-10-17,6213,0,Investment_Trust,0
2025-10-17,6213,52001,Dealer_self,45000
2025-10-17,6213,25542,Dealer_Hedging,125229
2025-10-20,6213,997045,Foreign_Investor,1179000
2025-10-20,6213,0,Foreign_Dealer_Self,0
2025-10-20,6213,0,Investment_Trust,0
2025-10-20,6213,35000,Dealer_self,105000
2025-10-20,6213,41207,Dealer_Hedging,34980
2025-10-21,6213,1207150,Foreign_Investor,1287600
2025-10-21,6213,0,Foreign_Dealer_Self,0
2025-10-21,6213,0,Investment_Trust,0
2025-10-21,6213,35000,Dealer_self,12000
2025-10-21,6213,199407,Dealer_Hedging,17876
2025-10-22,6213,857510,Foreign_Investor,796000
2025-10-22,6213,0,Foreign_Dealer_Self,0
2025-10-22,6213,0,Investment_Trust,0
2025-10-22,6213,63000,Dealer_self,0
2025-10-22,6213,81068,Dealer_Hedging,157853
2025-10-23,6213,4877100,Foreign_Investor,9402935
2025-10-23,6213,0,Foreign_Dealer_Self,0
2025-10-23,6213,16000,Investment_Trust,0
2025-10-23,6213,135000,Dealer_self,286955
2025-10-23,6213,414285,Dealer_Hedging,219543
2025-10-27,6213,2805800,Foreign_Investor,6977020
2025-10-27,6213,0,Foreign_Dealer_Self,0
2025-10-27,6213,200000,Investment_Trust,19
2025-10-27,6213,146000,Dealer_self,21000
2025-10-27,6213,110678,Dealer_Hedging,210487
2025-10-28,6213,4384056,Foreign_Investor,6288610
2025-10-28,6213,0,Foreign_Dealer_Self,0
2025-10-28,6213,1395000,Investment_Trust,0
2025-10-28,6213,216268,Dealer_self,66000
2025-10-28,6213,1138333,Dealer_Hedging,57736
2025-10-29,6213,2132543,Foreign_Investor,6161120
2025-10-29,6213,0,Foreign_Dealer_Self,0
2025-10-29,6213,69000,Investment_Trust,0
2025-10-29,6213,168960,Dealer_self,80000
2025-10-29,6213,127456,Dealer_Hedging,434428
2025-10-30,6213,5684250,Foreign_Investor,8953200
2025-10-30,6213,0,Foreign_Dealer_Self,0
2025-10-30,6213,0,Investment_Trust,0
2025-10-30,6213,270000,Dealer_self,344000
2025-10-30,6213,651621,Dealer_Hedging,312032
2025-10-31,6213,4387200,Foreign_Investor,6561748
2025-10-31,6213,0,Foreign_Dealer_Self,0
2025-10-31,6213,77000,Investment_Trust,0
2025-10-31,6213,105000,Dealer_self,280569
2025-10-31,6213,244097,Dealer_Hedging,536383
2025-11-03,6213,2772040,Foreign_Investor,2702000
2025-11-03,6213,0,Foreign_Dealer_Self,0
2025-11-03,6213,180000,Investment_Trust,0
2025-11-03,6213,116000,Dealer_self,158000
2025-11-03,6213,174969,Dealer_Hedging,296465
2025-11-04,6213,3192200,Foreign_Investor,4497200
2025-11-04,6213,0,Foreign_Dealer_Self,0
2025-11-04,6213,170000,Investment_Trust,183000
2025-11-04,6213,169000,Dealer_self,385999
2025-11-04,6213,137268,Dealer_Hedging,467816
2025-11-05,6213,4553604,Foreign_Investor,3456032
2025-11-05,6213,0,Foreign_Dealer_Self,0
2025-11-05,6213,414000,Investment_Trust,0
2025-11-05,6213,16000,Dealer_self,138000
2025-11-05,6213,251123,Dealer_Hedging,289068
2025-11-06,6213,2918000,Foreign_Investor,2684677
2025-11-06,6213,0,Foreign_Dealer_Self,0
2025-11-06,6213,50000,Investment_Trust,0
2025-11-06,6213,101000,Dealer_self,80000
2025-11-06,6213,466727,Dealer_Hedging,362095
2025-11-07,6213,1250200,Foreign_Investor,2696000
2025-11-07,6213,0,Foreign_Dealer_Self,0
2025-11-07,6213,247000,Investment_Trust,0
2025-11-07,6213,11000,Dealer_self,91000
2025-11-07,6213,31933,Dealer_Hedging,467251
2025-11-10,6213,2946210,Foreign_Investor,6492000
2025-11-10,6213,0,Foreign_Dealer_Self,0
2025-11-10,6213,125000,Investment_Trust,0
2025-11-10,6213,17000,Dealer_self,219000
2025-11-10,6213,50180,Dealer_Hedging,446210
2025-11-11,6213,2654000,Foreign_Investor,3576195
2025-11-11,6213,0,Foreign_Dealer_Self,0
2025-11-11,6213,201000,Investment_Trust,0
2025-11-11,6213,53000,Dealer_self,29000
2025-11-11,6213,79206,Dealer_Hedging,124509
2025-11-12,6213,4454200,Foreign_Investor,6624309
2025-11-12,6213,0,Foreign_Dealer_Self,0
2025-11-12,6213,187000,Investment_Trust,0
2025-11-12,6213,92000,Dealer_self,66000
2025-11-12,6213,312899,Dealer_Hedging,75753
2025-11-13,6213,2774000,Foreign_Investor,2457044
2025-11-13,6213,0,Foreign_Dealer_Self,0
2025-11-13,6213,24000,Investment_Trust,0
2025-11-13,6213,21000,Dealer_self,50889
2025-11-13,6213,138752,Dealer_Hedging,86227
2025-11-14,6213,924010,Foreign_Investor,2035000
2025-11-14,6213,0,Foreign_Dealer_Self,0
2025-11-14,6213,237000,Investment_Trust,0
2025-11-14,6213,11000,Dealer_self,47605
2025-11-14,6213,91676,Dealer_Hedging,161335
2025-11-17,6213,1919000,Foreign_Investor,2569091
2025-11-17,6213,0,Foreign_Dealer_Self,0
2025-11-17,6213,49000,Investment_Trust,0
2025-11-17,6213,6000,Dealer_self,16000
2025-11-17,6213,39670,Dealer_Hedging,183667
2025-11-18,6213,2730055,Foreign_Investor,1986000
2025-11-18,6213,0,Foreign_Dealer_Self,0
2025-11-18,6213,0,Investment_Trust,988000
2025-11-18,6213,4000,Dealer_self,10000
2025-11-18,6213,66960,Dealer_Hedging,89946
2025-11-19,6213,2164070,Foreign_Investor,1181000
2025-11-19,6213,0,Foreign_Dealer_Self,0
2025-11-19,6213,32000,Investment_Trust,1028000
2025-11-19,6213,69000,Dealer_self,26020
2025-11-19,6213,42470,Dealer_Hedging,382097
2025-11-20,6213,3378030,Foreign_Investor,1779000
2025-11-20,6213,0,Foreign_Dealer_Self,0
2025-11-20,6213,23000,Investment_Trust,1027000
2025-11-20,6213,51000,Dealer_self,12000
2025-11-20,6213,486362,Dealer_Hedging,42515
2025-11-21,6213,1907100,Foreign_Investor,3345000
2025-11-21,6213,0,Foreign_Dealer_Self,0
2025-11-21,6213,33000,Investment_Trust,0
2025-11-21,6213,64000,Dealer_self,28000
2025-11-21,6213,21843,Dealer_Hedging,350209
2025-11-24,6213,2192755,Foreign_Investor,2144727
2025-11-24,6213,0,Foreign_Dealer_Self,0
2025-11-24,6213,0,Investment_Trust,0
2025-11-24,6213,6000,Dealer_self,24000
2025-11-24,6213,36320,Dealer_Hedging,141605
2025-11-25,6213,2298010,Foreign_Investor,2199200
2025-11-25,6213,0,Foreign_Dealer_Self,0
2025-11-25,6213,0,Investment_Trust,0
2025-11-25,6213,6000,Dealer_self,1000
2025-11-25,6213,310741,Dealer_Hedging,88944
2025-11-26,6213,3171000,Foreign_Investor,3007700
2025-11-26,6213,0,Foreign_Dealer_Self,0
2025-11-26,6213,0,Investment_Trust,0
2025-11-26,6213,29000,Dealer_self,3000
2025-11-26,6213,164426,Dealer_Hedging,197239
2025-11-27,6213,2574000,Foreign_Investor,1356270
2025-11-27,6213,0,Foreign_Dealer_Self,0
2025-11-27,6213,0,Investment_Trust,0
2025-11-27,6213,6000,Dealer_self,11000
2025-11-27,6213,57594,Dealer_Hedging,240320
2025-11-28,6213,2584000,Foreign_Investor,5014060
2025-11-28,6213,0,Foreign_Dealer_Self,0
2025-11-28,6213,550000,Investment_Trust,0
2025-11-28,6213,68000,Dealer_self,32000
2025-11-28,6213,176837,Dealer_Hedging,48726
2025-12-01,6213,1051000,Foreign_Investor,948000
2025-12-01,6213,0,Foreign_Dealer_Self,0
2025-12-01,6213,0,Investment_Trust,0
2025-12-01,6213,9000,Dealer_self,13000
2025-12-01,6213,118125,Dealer_Hedging,55336
2025-12-02,6213,1354000,Foreign_Investor,1692000
2025-12-02,6213,0,Foreign_Dealer_Self,0
2025-12-02,6213,450000,Investment_Trust,0
2025-12-02,6213,4000,Dealer_self,13073
2025-12-02,6213,39519,Dealer_Hedging,64080
2025-12-03,6213,1224000,Foreign_Investor,1018000
2025-12-03,6213,0,Foreign_Dealer_Self,0
2025-12-03,6213,0,Investment_Trust,0
2025-12-03,6213,31000,Dealer_self,0
2025-12-03,6213,25941,Dealer_Hedging,22414
2025-12-04,6213,1666000,Foreign_Investor,373000
2025-12-04,6213,0,Foreign_Dealer_Self,0
2025-12-04,6213,0,Investment_Trust,1000000
2025-12-04,6213,14000,Dealer_self,1000
2025-12-04,6213,26337,Dealer_Hedging,62300
2025-12-05,6213,1814142,Foreign_Investor,673000
2025-12-05,6213,0,Foreign_Dealer_Self,0
2025-12-05,6213,0,Investment_Trust,77000
2025-12-05,6213,34000,Dealer_self,3000
2025-12-05,6213,140318,Dealer_Hedging,122483
2025-12-08,6213,2539000,Foreign_Investor,1193838
2025-12-08,6213,0,Foreign_Dealer_Self,0
2025-12-08,6213,0,Investment_Trust,77000
2025-12-08,6213,81000,Dealer_self,4000
2025-12-08,6213,333977,Dealer_Hedging,90080
2025-12-09,6213,2646000,Foreign_Investor,2196958
2025-12-09,6213,0,Foreign_Dealer_Self,0
2025-12-09,6213,0,Investment_Trust,77000
2025-12-09,6213,93000,Dealer_self,38000
2025-12-09,6213,63682,Dealer_Hedging,138615
2025-12-10,6213,2593241,Foreign_Investor,2628600
2025-12-10,6213,0,Foreign_Dealer_Self,0
2025-12-10,6213,80000,Investment_Trust,75000
2025-12-10,6213,69000,Dealer_self,85000
2025-12-10,6213,88489,Dealer_Hedging,40118
2025-12-11,6213,3266000,Foreign_Investor,1381915
2025-12-11,6213,0,Foreign_Dealer_Self,0
2025-12-11,6213,0,Investment_Trust,0
2025-12-11,6213,21000,Dealer_self,33000
2025-12-11,6213,56683,Dealer_Hedging,123583
2025-12-12,6213,1377000,Foreign_Investor,1534000
2025-12-12,6213,0,Foreign_Dealer_Self,0
2025-12-12,6213,0,Investment_Trust,0
2025-12-12,6213,18000,Dealer_self,40000
2025-12-12,6213,4450,Dealer_Hedging,110810
2025-12-15,6213,2682010,Foreign_Investor,2033000
2025-12-15,6213,0,Foreign_Dealer_Self,0
2025-12-15,6213,0,Investment_Trust,0
2025-12-15,6213,42000,Dealer_self,86000
2025-12-15,6213,216119,Dealer_Hedging,11843
2025-12-16,6213,1187135,Foreign_Investor,2588000
2025-12-16,6213,0,Foreign_Dealer_Self,0
2025-12-16,6213,0,Investment_Trust,0
2025-12-16,6213,17000,Dealer_self,31000
2025-12-16,6213,25300,Dealer_Hedging,178938
2025-12-17,6213,1281030,Foreign_Investor,1397000
2025-12-17,6213,0,Foreign_Dealer_Self,0
2025-12-17,6213,0,Investment_Trust,0
2025-12-17,6213,106000,Dealer_self,30000
2025-12-17,6213,53472,Dealer_Hedging,33750
2025-12-18,6213,1242030,Foreign_Investor,1251176
2025-12-18,6213,0,Foreign_Dealer_Self,0
2025-12-18,6213,0,Investment_Trust,0
2025-12-18,6213,10000,Dealer_self,0
2025-12-18,6213,52800,Dealer_Hedging,72686
2025-12-19,6213,1550000,Foreign_Investor,1176000
2025-12-19,6213,0,Foreign_Dealer_Self,0
2025-12-19,6213,0,Investment_Trust,0
2025-12-19,6213,1000,Dealer_self,4000
2025-12-19,6213,130113,Dealer_Hedging,14453
2025-12-22,6213,2262000,Foreign_Investor,1041135
2025-12-22,6213,0,Foreign_Dealer_Self,0
2025-12-22,6213,0,Investment_Trust,0
2025-12-22,6213,91000,Dealer_self,6000
2025-12-22,6213,192987,Dealer_Hedging,29843
2025-12-23,6213,755000,Foreign_Investor,1551005
2025-12-23,6213,0,Foreign_Dealer_Self,0
2025-12-23,6213,0,Investment_Trust,0
2025-12-23,6213,24000,Dealer_self,12000
2025-12-23,6213,25007,Dealer_Hedging,164650
2025-12-24,6213,1802000,Foreign_Investor,2015000
2025-12-24,6213,0,Foreign_Dealer_Self,0
2025-12-24,6213,0,Investment_Trust,0
2025-12-24,6213,28000,Dealer_self,17000
2025-12-24,6213,41446,Dealer_Hedging,18000
2025-12-26,6213,2173038,Foreign_Investor,1052000
2025-12-26,6213,0,Foreign_Dealer_Self,0
2025-12-26,6213,0,Investment_Trust,0
2025-12-26,6213,36000,Dealer_self,0
2025-12-26,6213,101458,Dealer_Hedging,44181
2025-12-29,6213,630030,Foreign_Investor,1126000
2025-12-29,6213,0,Foreign_Dealer_Self,0
2025-12-29,6213,0,Investment_Trust,0
2025-12-29,6213,1000,Dealer_self,84000
2025-12-29,6213,17496,Dealer_Hedging,71398
2025-12-30,6213,603000,Foreign_Investor,2290000
2025-12-30,6213,0,Foreign_Dealer_Self,0
2025-12-30,6213,0,Investment_Trust,0
2025-12-30,6213,22000,Dealer_self,52000
2025-12-30,6213,6000,Dealer_Hedging,35387
2025-12-31,6213,1192000,Foreign_Investor,586000
2025-12-31,6213,0,Foreign_Dealer_Self,0
2025-12-31,6213,0,Investment_Trust,0
2025-12-31,6213,0,Dealer_self,9000
2025-12-31,6213,64514,Dealer_Hedging,8200
2026-01-02,6213,3047000,Foreign_Investor,2062000
2026-01-02,6213,0,Foreign_Dealer_Self,0
2026-01-02,6213,0,Investment_Trust,0
2026-01-02,6213,42000,Dealer_self,11000
2026-01-02,6213,373278,Dealer_Hedging,29606
2026-01-05,6213,4001259,Foreign_Investor,4765000
2026-01-05,6213,0,Foreign_Dealer_Self,0
2026-01-05,6213,0,Investment_Trust,0
2026-01-05,6213,209552,Dealer_self,25000
2026-01-05,6213,330871,Dealer_Hedging,193629
2026-01-06,6213,3872000,Foreign_Investor,7198000
2026-01-06,6213,0,Foreign_Dealer_Self,0
2026-01-06,6213,0,Investment_Trust,0
2026-01-06,6213,153000,Dealer_self,39017
2026-01-06,6213,86497,Dealer_Hedging,147368
2026-01-07,6213,2504120,Foreign_Investor,4676000
2026-01-07,6213,0,Foreign_Dealer_Self,0
2026-01-07,6213,0,Investment_Trust,0
2026-01-07,6213,71000,Dealer_self,37000
2026-01-07,6213,63000,Dealer_Hedging,124969
2026-01-08,6213,2997000,Foreign_Investor,2434200
2026-01-08,6213,0,Foreign_Dealer_Self,0
2026-01-08,6213,0,Investment_Trust,1230000
2026-01-08,6213,15000,Dealer_self,9412
2026-01-08,6213,68580,Dealer_Hedging,109124
2026-01-09,6213,2116000,Foreign_Investor,1694250
2026-01-09,6213,0,Foreign_Dealer_Self,0
2026-01-09,6213,0,Investment_Trust,0
2026-01-09,6213,20000,Dealer_self,18000
2026-01-09,6213,132689,Dealer_Hedging,42795
2026-01-12,6213,2820000,Foreign_Investor,740035
2026-01-12,6213,0,Foreign_Dealer_Self,0
2026-01-12,6213,0,Investment_Trust,0
2026-01-12,6213,28000,Dealer_self,5000
2026-01-12,6213,66043,Dealer_Hedging,74368
2026-01-13,6213,3927010,Foreign_Investor,2748000
2026-01-13,6213,0,Foreign_Dealer_Self,0
2026-01-13,6213,0,Investment_Trust,0
2026-01-13,6213,23000,Dealer_self,17633
2026-01-13,6213,49201,Dealer_Hedging,158889
2026-01-14,6213,3264015,Foreign_Investor,1303000
2026-01-14,6213,0,Foreign_Dealer_Self,0
2026-01-14,6213,0,Investment_Trust,0
2026-01-14,6213,8000,Dealer_self,12000
2026-01-14,6213,62904,Dealer_Hedging,53260
2026-01-15,6213,971150,Foreign_Investor,2148270
2026-01-15,6213,0,Foreign_Dealer_Self,0
2026-01-15,6213,0,Investment_Trust,0
2026-01-15,6213,5000,Dealer_self,205
2026-01-15,6213,30000,Dealer_Hedging,97446
2026-01-16,6213,2488038,Foreign_Investor,1696691
2026-01-16,6213,0,Foreign_Dealer_Self,0
2026-01-16,6213,0,Investment_Trust,154000
2026-01-16,6213,16000,Dealer_self,5000
2026-01-16,6213,67436,Dealer_Hedging,35421
2026-01-19,6213,1848000,Foreign_Investor,1255100
2026-01-19,6213,0,Foreign_Dealer_Self,0
2026-01-19,6213,0,Investment_Trust,0
2026-01-19,6213,15000,Dealer_self,21000
2026-01-19,6213,59450,Dealer_Hedging,64215
2026-01-20,6213,3023140,Foreign_Investor,2383131
2026-01-20,6213,0,Foreign_Dealer_Self,0
2026-01-20,6213,0,Investment_Trust,0
2026-01-20,6213,43000,Dealer_self,31608
2026-01-20,6213,88234,Dealer_Hedging,61918
2026-01-21,6213,3319040,Foreign_Investor,2516000
2026-01-21,6213,0,Foreign_Dealer_Self,0
2026-01-21,6213,0,Investment_Trust,0
2026-01-21,6213,11000,Dealer_self,211000
2026-01-21,6213,116606,Dealer_Hedging,217139
2026-01-22,6213,11096551,Foreign_Investor,6224247
2026-01-22,6213,0,Foreign_Dealer_Self,0
2026-01-22,6213,0,Investment_Trust,0
2026-01-22,6213,202000,Dealer_self,13000
2026-01-22,6213,999946,Dealer_Hedging,172699
2026-01-23,6213,4127615,Foreign_Investor,12467030
2026-01-23,6213,0,Foreign_Dealer_Self,0
2026-01-23,6213,0,Investment_Trust,0
2026-01-23,6213,91000,Dealer_self,33000
2026-01-23,6213,142575,Dealer_Hedging,317304
2026-01-26,6213,2094065,Foreign_Investor,3626200
2026-01-26,6213,0,Foreign_Dealer_Self,0
2026-01-26,6213,0,Investment_Trust,0
2026-01-26,6213,20000,Dealer_self,66000
2026-01-26,6213,62074,Dealer_Hedging,61899
2026-01-27,6213,6816398,Foreign_Investor,2197000
2026-01-27,6213,0,Foreign_Dealer_Self,0
2026-01-27,6213,0,Investment_Trust,0
2026-01-27,6213,34000,Dealer_self,104000
2026-01-27,6213,294798,Dealer_Hedging,23395
2026-01-28,6213,2147326,Foreign_Investor,4338000
2026-01-28,6213,0,Foreign_Dealer_Self,0
2026-01-28,6213,0,Investment_Trust,0
2026-01-28,6213,52000,Dealer_self,0
2026-01-28,6213,91571,Dealer_Hedging,219207
2026-01-29,6213,2462830,Foreign_Investor,8053240
2026-01-29,6213,0,Foreign_Dealer_Self,0
2026-01-29,6213,0,Investment_Trust,0
2026-01-29,6213,4000,Dealer_self,227232
2026-01-29,6213,127000,Dealer_Hedging,932030
2026-01-30,6213,2623095,Foreign_Investor,3269000
2026-01-30,6213,0,Foreign_Dealer_Self,0
2026-01-30,6213,0,Investment_Trust,0
2026-01-30,6213,1000,Dealer_self,138000
2026-01-30,6213,100578,Dealer_Hedging,258529
2026-02-02,6213,1870317,Foreign_Investor,2031270
2026-02-02,6213,0,Foreign_Dealer_Self,0
2026-02-02,6213,0,Investment_Trust,0
2026-02-02,6213,2000,Dealer_self,23000
2026-02-02,6213,37299,Dealer_Hedging,184775
2026-02-03,6213,1600486,Foreign_Investor,1571000
2026-02-03,6213,0,Foreign_Dealer_Self,0
2026-02-03,6213,0,Investment_Trust,0
2026-02-03,6213,3000,Dealer_self,9000
2026-02-03,6213,108976,Dealer_Hedging,99730
2026-02-04,6213,7682000,Foreign_Investor,2728000
2026-02-04,6213,0,Foreign_Dealer_Self,0
2026-02-04,6213,0,Investment_Trust,0
2026-02-04,6213,73000,Dealer_self,3000
2026-02-04,6213,598863,Dealer_Hedging,137141
2026-02-05,6213,11270015,Foreign_Investor,7617060
2026-02-05,6213,0,Foreign_Dealer_Self,0
2026-02-05,6213,0,Investment_Trust,0
2026-02-05,6213,58000,Dealer_self,59000
2026-02-05,6213,272999,Dealer_Hedging,420865
2026-02-06,6213,4350505,Foreign_Investor,4882793
2026-02-06,6213,0,Foreign_Dealer_Self,0
2026-02-06,6213,0,Investment_Trust,0
2026-02-06,6213,11000,Dealer_self,57000
2026-02-06,6213,139643,Dealer_Hedging,328758
2026-02-09,6213,4668039,Foreign_Investor,2675110
2026-02-09,6213,0,Foreign_Dealer_Self,0
2026-02-09,6213,0,Investment_Trust,0
2026-02-09,6213,18000,Dealer_self,4000
2026-02-09,6213,305137,Dealer_Hedging,106041
2026-02-10,6213,3431000,Foreign_Investor,1973040
2026-02-10,6213,0,Foreign_Dealer_Self,0
2026-02-10,6213,0,Investment_Trust,0
2026-02-10,6213,7000,Dealer_self,0
2026-02-10,6213,50020,Dealer_Hedging,171685
2026-02-11,6213,10163010,Foreign_Investor,3438170
2026-02-11,6213,0,Foreign_Dealer_Self,0
2026-02-11,6213,0,Investment_Trust,0
2026-02-11,6213,78000,Dealer_self,10000
2026-02-11,6213,176839,Dealer_Hedging,177032
2026-02-23,6213,0,Foreign_Dealer_Self,0
2026-02-23,6213,0,Investment_Trust,0
2026-02-23,6213,26004,Dealer_self,24000
2026-02-23,6213,101358,Dealer_Hedging,64335
2026-02-23,6213,4063269,Foreign_Investor,3485000
2026-02-24,6213,14588033,Foreign_Investor,5920222
2026-02-24,6213,0,Foreign_Dealer_Self,0
2026-02-24,6213,0,Investment_Trust,0
2026-02-24,6213,1018213,Dealer_self,11000
2026-02-24,6213,921750,Dealer_Hedging,124755
2026-02-25,6213,11428300,Foreign_Investor,6443350
2026-02-25,6213,0,Foreign_Dealer_Self,0
2026-02-25,6213,0,Investment_Trust,0
2026-02-25,6213,1074000,Dealer_self,167000
2026-02-25,6213,1104122,Dealer_Hedging,324089
2026-02-26,6213,6410879,Foreign_Investor,10198000
2026-02-26,6213,0,Foreign_Dealer_Self,0
2026-02-26,6213,0,Investment_Trust,0
2026-02-26,6213,113000,Dealer_self,173070
2026-02-26,6213,320911,Dealer_Hedging,589760
2026-03-02,6213,3690480,Foreign_Investor,5425000
2026-03-02,6213,0,Foreign_Dealer_Self,0
2026-03-02,6213,0,Investment_Trust,0
2026-03-02,6213,32000,Dealer_self,314000
2026-03-02,6213,125860,Dealer_Hedging,482865
2026-03-03,6213,7447780,Foreign_Investor,6234400
2026-03-03,6213,0,Foreign_Dealer_Self,0
2026-03-03,6213,0,Investment_Trust,0
2026-03-03,6213,34015,Dealer_self,240000
2026-03-03,6213,199795,Dealer_Hedging,402225
2026-03-04,6213,3541410,Foreign_Investor,5248200
2026-03-04,6213,0,Foreign_Dealer_Self,0
2026-03-04,6213,0,Investment_Trust,0
2026-03-04,6213,87056,Dealer_self,435570
2026-03-04,6213,84616,Dealer_Hedging,547145
2026-03-05,6213,4425150,Foreign_Investor,4001000
2026-03-05,6213,0,Foreign_Dealer_Self,0
2026-03-05,6213,0,Investment_Trust,0
2026-03-05,6213,70000,Dealer_self,248667
2026-03-05,6213,70720,Dealer_Hedging,126460
2026-03-06,6213,2586070,Foreign_Investor,2386565
2026-03-06,6213,0,Foreign_Dealer_Self,0
2026-03-06,6213,0,Investment_Trust,0
2026-03-06,6213,32000,Dealer_self,131000
2026-03-06,6213,9603,Dealer_Hedging,72632
2026-03-09,6213,3290796,Foreign_Investor,1993500
2026-03-09,6213,0,Foreign_Dealer_Self,0
2026-03-09,6213,0,Investment_Trust,0
2026-03-09,6213,4000,Dealer_self,96371
2026-03-09,6213,44026,Dealer_Hedging,295514
2026-03-10,6213,6921000,Foreign_Investor,1054000
2026-03-10,6213,0,Foreign_Dealer_Self,0
2026-03-10,6213,0,Investment_Trust,0
2026-03-10,6213,16000,Dealer_self,38000
2026-03-10,6213,123100,Dealer_Hedging,113483
2026-03-11,6213,6750038,Foreign_Investor,4794028
2026-03-11,6213,0,Foreign_Dealer_Self,0
2026-03-11,6213,0,Investment_Trust,0
2026-03-11,6213,59000,Dealer_self,53000
2026-03-11,6213,175745,Dealer_Hedging,86381
2026-03-12,6213,3018010,Foreign_Investor,2992000
2026-03-12,6213,0,Foreign_Dealer_Self,0
2026-03-12,6213,0,Investment_Trust,0
2026-03-12,6213,3000,Dealer_self,82000
2026-03-12,6213,90659,Dealer_Hedging,114871
2026-03-13,6213,7958409,Foreign_Investor,4098866
2026-03-13,6213,0,Foreign_Dealer_Self,0
2026-03-13,6213,0,Investment_Trust,0
2026-03-13,6213,242055,Dealer_self,22450
2026-03-13,6213,279541,Dealer_Hedging,71753
2026-03-16,6213,6927233,Foreign_Investor,7595537
2026-03-16,6213,0,Foreign_Dealer_Self,0
2026-03-16,6213,210000,Investment_Trust,0
2026-03-16,6213,62032,Dealer_self,128003
2026-03-16,6213,220421,Dealer_Hedging,208347
2026-03-17,6213,7729300,Foreign_Investor,2820020
2026-03-17,6213,0,Foreign_Dealer_Self,0
2026-03-17,6213,0,Investment_Trust,0
2026-03-17,6213,145638,Dealer_self,26000
2026-03-17,6213,327972,Dealer_Hedging,251184
2026-03-18,6213,7991919,Foreign_Investor,7583728
2026-03-18,6213,0,Foreign_Dealer_Self,0
2026-03-18,6213,100000,Investment_Trust,0
2026-03-18,6213,248000,Dealer_self,42000
2026-03-18,6213,404179,Dealer_Hedging,314714
2026-03-19,6213,6564434,Foreign_Investor,7769619
2026-03-19,6213,0,Foreign_Dealer_Self,0
2026-03-19,6213,0,Investment_Trust,0
2026-03-19,6213,214013,Dealer_self,41402
2026-03-19,6213,618027,Dealer_Hedging,250227
2026-03-20,6213,5955865,Foreign_Investor,6133100
2026-03-20,6213,0,Foreign_Dealer_Self,0
2026-03-20,6213,3598,Investment_Trust,0
2026-03-20,6213,30000,Dealer_self,279915
2026-03-20,6213,126932,Dealer_Hedging,506304
2026-03-23,6213,2563330,Foreign_Investor,2663900
2026-03-23,6213,0,Foreign_Dealer_Self,0
2026-03-23,6213,0,Investment_Trust,0
2026-03-23,6213,73000,Dealer_self,294190
2026-03-23,6213,84322,Dealer_Hedging,183880
2026-03-24,6213,2397380,Foreign_Investor,2406300
2026-03-24,6213,0,Foreign_Dealer_Self,0
2026-03-24,6213,0,Investment_Trust,0
2026-03-24,6213,33000,Dealer_self,142000
2026-03-24,6213,66385,Dealer_Hedging,139388
2026-03-25,6213,4780000,Foreign_Investor,2257158
2026-03-25,6213,0,Foreign_Dealer_Self,0
2026-03-25,6213,0,Investment_Trust,117
2026-03-25,6213,12000,Dealer_self,20000
2026-03-25,6213,203835,Dealer_Hedging,99303
2026-03-26,6213,5702400,Foreign_Investor,4674133
2026-03-26,6213,0,Foreign_Dealer_Self,0
2026-03-26,6213,0,Investment_Trust,113
2026-03-26,6213,209000,Dealer_self,125000
2026-03-26,6213,396469,Dealer_Hedging,204439
2026-03-27,6213,6501100,Foreign_Investor,5162860
2026-03-27,6213,0,Foreign_Dealer_Self,0
2026-03-27,6213,0,Investment_Trust,0
2026-03-27,6213,100472,Dealer_self,42528
2026-03-27,6213,582716,Dealer_Hedging,194155
2026-03-30,6213,8003122,Foreign_Investor,7006331
2026-03-30,6213,0,Foreign_Dealer_Self,0
2026-03-30,6213,0,Investment_Trust,405
2026-03-30,6213,251000,Dealer_self,119346
2026-03-30,6213,525430,Dealer_Hedging,548718
2026-03-31,6213,8085138,Foreign_Investor,13458000
2026-03-31,6213,0,Foreign_Dealer_Self,0
2026-03-31,6213,460000,Investment_Trust,394
2026-03-31,6213,502000,Dealer_self,230000
2026-03-31,6213,543681,Dealer_Hedging,386412
2026-04-01,6213,0,Foreign_Dealer_Self,0
2026-04-01,6213,62000,Investment_Trust,0
2026-04-01,6213,141090,Dealer_self,26180
2026-04-01,6213,369743,Dealer_Hedging,128817
2026-04-01,6213,5973100,Foreign_Investor,6885350
2026-04-02,6213,21063020,Foreign_Investor,13952452
2026-04-02,6213,0,Foreign_Dealer_Self,0
2026-04-02,6213,508000,Investment_Trust,0
2026-04-02,6213,423275,Dealer_self,177000
2026-04-02,6213,1325154,Dealer_Hedging,433368
2026-04-07,6213,5750050,Foreign_Investor,7324840
2026-04-07,6213,0,Foreign_Dealer_Self,0
2026-04-07,6213,111000,Dealer_self,128000
2026-04-07,6213,570987,Dealer_Hedging,455044
2026-04-07,6213,193000,Investment_Trust,0
2026-04-08,6213,15992205,Foreign_Investor,21968272
2026-04-08,6213,0,Foreign_Dealer_Self,0
2026-04-08,6213,554453,Dealer_self,193000
2026-04-08,6213,684810,Dealer_Hedging,1079090
2026-04-08,6213,1396000,Investment_Trust,20000
2026-04-09,6213,5143000,Foreign_Investor,4904000
2026-04-09,6213,0,Foreign_Dealer_Self,0
2026-04-09,6213,0,Investment_Trust,59000
2026-04-09,6213,311644,Dealer_self,54000
2026-04-09,6213,513586,Dealer_Hedging,64557
2026-04-10,6213,11022820,Foreign_Investor,13263484
2026-04-10,6213,0,Foreign_Dealer_Self,0
2026-04-10,6213,111518,Investment_Trust,0
2026-04-10,6213,299488,Dealer_self,360644
2026-04-10,6213,481429,Dealer_Hedging,731486
2026-04-13,6213,8527349,Foreign_Investor,8930774
2026-04-13,6213,0,Foreign_Dealer_Self,0
2026-04-13,6213,35000,Investment_Trust,69000
2026-04-13,6213,130000,Dealer_self,232000
2026-04-13,6213,311472,Dealer_Hedging,195492
2026-04-14,6213,8864771,Foreign_Investor,5105738
2026-04-14,6213,0,Foreign_Dealer_Self,0
2026-04-14,6213,0,Investment_Trust,0
2026-04-14,6213,287000,Dealer_self,95000
2026-04-14,6213,334913,Dealer_Hedging,98184
2026-04-15,6213,15545745,Foreign_Investor,18730917
2026-04-15,6213,0,Foreign_Dealer_Self,0
2026-04-15,6213,274000,Dealer_self,346413
2026-04-15,6213,430839,Dealer_Hedging,950683
2026-04-15,6213,952000,Investment_Trust,11000
2026-04-16,6213,13687604,Foreign_Investor,15145757
2026-04-16,6213,0,Foreign_Dealer_Self,0
2026-04-16,6213,0,Investment_Trust,60000
2026-04-16,6213,81000,Dealer_self,135903
2026-04-16,6213,342184,Dealer_Hedging,412689
2026-04-17,6213,14677961,Foreign_Investor,29085706
2026-04-17,6213,0,Foreign_Dealer_Self,0
2026-04-17,6213,0,Investment_Trust,310000
2026-04-17,6213,282000,Dealer_self,363542
2026-04-17,6213,1171273,Dealer_Hedging,1600432
2026-04-20,6213,14203234,Foreign_Investor,22816100
2026-04-20,6213,0,Foreign_Dealer_Self,0
2026-04-20,6213,180000,Investment_Trust,62000
2026-04-20,6213,228000,Dealer_self,416000
2026-04-20,6213,701802,Dealer_Hedging,1092631
2026-04-21,6213,0,Foreign_Dealer_Self,0
2026-04-21,6213,111000,Investment_Trust,0
2026-04-21,6213,243956,Dealer_self,461000
2026-04-21,6213,386562,Dealer_Hedging,657468
2026-04-21,6213,15175825,Foreign_Investor,16977672
2026-04-22,6213,12937298,Foreign_Investor,11725110
2026-04-22,6213,0,Foreign_Dealer_Self,0
2026-04-22,6213,95000,Investment_Trust,0
2026-04-22,6213,235276,Dealer_self,95000
2026-04-22,6213,416175,Dealer_Hedging,395290
2026-04-23,6213,1259304,Foreign_Investor,1304112
2026-04-23,6213,0,Foreign_Dealer_Self,0
2026-04-23,6213,91000,Investment_Trust,0
2026-04-23,6213,122000,Dealer_self,128000
2026-04-23,6213,275016,Dealer_Hedging,174097
2026-04-24,6213,4035192,Foreign_Investor,1839300
2026-04-24,6213,0,Foreign_Dealer_Self,0
2026-04-24,6213,105000,Investment_Trust,0
2026-04-24,6213,13000,Dealer_self,97000
2026-04-24,6213,214614,Dealer_Hedging,123655
2026-04-27,6213,4550036,Foreign_Investor,2229916
2026-04-27,6213,0,Foreign_Dealer_Self,0
2026-04-27,6213,59000,Dealer_self,40000
2026-04-27,6213,111038,Dealer_Hedging,115802
2026-04-27,6213,30000,Investment_Trust,960000
2026-04-28,6213,1827783,Foreign_Investor,1807117
2026-04-28,6213,0,Foreign_Dealer_Self,0
2026-04-28,6213,80000,Dealer_self,0
2026-04-28,6213,70997,Dealer_Hedging,11066
2026-04-28,6213,20000,Investment_Trust,682000
2026-04-29,6213,1417149,Foreign_Investor,1333217
2026-04-29,6213,0,Foreign_Dealer_Self,0
2026-04-29,6213,190000,Dealer_self,13000
2026-04-29,6213,92000,Dealer_Hedging,5432
2026-04-29,6213,0,Investment_Trust,553000
2026-04-30,6213,1694580,Foreign_Investor,1117595
2026-04-30,6213,0,Foreign_Dealer_Self,0
2026-04-30,6213,0,Investment_Trust,0
2026-04-30,6213,33500,Dealer_self,5000
2026-04-30,6213,63663,Dealer_Hedging,86350
