date,stock_id,HoldingSharesLevel,people,percent,unit
2024-04-19,4960,1-999,36199,0.93,5338303
2024-04-19,4960,"1,000-5,000",18958,8.18,46809140
2024-04-19,4960,"5,001-10,000",5499,7.57,43337726
2024-04-19,4960,"10,001-15,000",1356,2.96,16967233
2024-04-19,4960,"15,001-20,000",1258,3.94,22545922
2024-04-19,4960,"20,001-30,000",904,4.0,22925617
2024-04-19,4960,"30,001-40,000",450,2.78,15922531
2024-04-19,4960,"40,001-50,000",279,2.21,12685536
2024-04-19,4960,"50,001-100,000",525,6.6,37801132
2024-04-19,4960,"100,001-200,000",239,5.87,33616306
2024-04-19,4960,"200,001-400,000",95,4.66,26692946
2024-04-19,4960,"400,001-600,000",38,3.3,18884558
2024-04-19,4960,"600,001-800,000",15,1.8,10325203
2024-04-19,4960,"800,001-1,000,000",13,1.95,11171225
2024-04-19,4960,"more than 1,000,001",44,43.19,247161528
2024-04-19,4960,差異數調整（說明4）,0,0.0,0
2024-04-19,4960,total,65872,100.0,572184906
2024-04-26,4960,1-999,36166,0.92,5310215
2024-04-26,4960,"1,000-5,000",18733,8.09,46295754
2024-04-26,4960,"5,001-10,000",5458,7.51,42992315
2024-04-26,4960,"10,001-15,000",1354,2.96,16940499
2024-04-26,4960,"15,001-20,000",1235,3.86,22131501
2024-04-26,4960,"20,001-30,000",899,3.98,22797216
2024-04-26,4960,"30,001-40,000",455,2.81,16086335
2024-04-26,4960,"40,001-50,000",275,2.18,12507351
2024-04-26,4960,"50,001-100,000",527,6.62,37882283
2024-04-26,4960,"100,001-200,000",234,5.79,33162233
2024-04-26,4960,"200,001-400,000",98,4.75,27232961
2024-04-26,4960,"400,001-600,000",41,3.55,20355935
2024-04-26,4960,"600,001-800,000",13,1.58,9085950
2024-04-26,4960,"800,001-1,000,000",15,2.24,12856319
2024-04-26,4960,"more than 1,000,001",43,43.08,246548039
2024-04-26,4960,差異數調整（說明4）,0,0.0,0
2024-04-26,4960,total,65546,100.0,572184906
2024-05-03,4960,1-999,36139,0.92,5311826
2024-05-03,4960,"1,000-5,000",18147,7.82,44763916
2024-05-03,4960,"5,001-10,000",5271,7.25,41486118
2024-05-03,4960,"10,001-15,000",1309,2.85,16350357
2024-05-03,4960,"15,001-20,000",1184,3.7,21176117
2024-05-03,4960,"20,001-30,000",860,3.8,21751592
2024-05-03,4960,"30,001-40,000",433,2.66,15256193
2024-05-03,4960,"40,001-50,000",279,2.21,12655034
2024-05-03,4960,"50,001-100,000",499,6.25,35813214
2024-05-03,4960,"100,001-200,000",224,5.57,31871030
2024-05-03,4960,"200,001-400,000",102,4.92,28193611
2024-05-03,4960,"400,001-600,000",38,3.34,19140734
2024-05-03,4960,"600,001-800,000",13,1.57,8989583
2024-05-03,4960,"800,001-1,000,000",15,2.3,13192324
2024-05-03,4960,"more than 1,000,001",46,44.78,256233257
2024-05-03,4960,差異數調整（說明4）,0,0.0,0
2024-05-03,4960,total,64559,100.0,572184906
2024-05-10,4960,1-999,36078,0.92,5305525
2024-05-10,4960,"1,000-5,000",17409,7.48,42820333
2024-05-10,4960,"5,001-10,000",5058,6.93,39704524
2024-05-10,4960,"10,001-15,000",1250,2.71,15554677
2024-05-10,4960,"15,001-20,000",1115,3.47,19902008
2024-05-10,4960,"20,001-30,000",827,3.65,20901161
2024-05-10,4960,"30,001-40,000",414,2.54,14548247
2024-05-10,4960,"40,001-50,000",265,2.09,11977349
2024-05-10,4960,"50,001-100,000",482,6.02,34493487
2024-05-10,4960,"100,001-200,000",210,5.24,29997001
2024-05-10,4960,"200,001-400,000",90,4.38,25107629
2024-05-10,4960,"400,001-600,000",40,3.63,20778694
2024-05-10,4960,"600,001-800,000",9,1.11,6390477
2024-05-10,4960,"800,001-1,000,000",16,2.43,13925270
2024-05-10,4960,"more than 1,000,001",49,47.32,270778524
2024-05-10,4960,差異數調整（說明4）,0,0.0,0
2024-05-10,4960,total,63312,100.0,572184906
2024-05-17,4960,1-999,36052,0.92,5284380
2024-05-17,4960,"1,000-5,000",16559,7.04,40338421
2024-05-17,4960,"5,001-10,000",4735,6.47,37030596
2024-05-17,4960,"10,001-15,000",1153,2.49,14293922
2024-05-17,4960,"15,001-20,000",1052,3.27,18752000
2024-05-17,4960,"20,001-30,000",775,3.42,19613035
2024-05-17,4960,"30,001-40,000",384,2.34,13425586
2024-05-17,4960,"40,001-50,000",241,1.89,10834560
2024-05-17,4960,"50,001-100,000",433,5.43,31096021
2024-05-17,4960,"100,001-200,000",202,5.09,29150165
2024-05-17,4960,"200,001-400,000",81,4.0,22938780
2024-05-17,4960,"400,001-600,000",36,3.1,17756688
2024-05-17,4960,"600,001-800,000",12,1.46,8359600
2024-05-17,4960,"800,001-1,000,000",15,2.31,13265178
2024-05-17,4960,"more than 1,000,001",51,50.69,290045974
2024-05-17,4960,差異數調整（說明4）,0,0.0,0
2024-05-17,4960,total,61781,100.0,572184906
2024-05-24,4960,1-999,35997,0.91,5236274
2024-05-24,4960,"1,000-5,000",16020,6.8,38922228
2024-05-24,4960,"5,001-10,000",4583,6.24,35756006
2024-05-24,4960,"10,001-15,000",1124,2.45,14019786
2024-05-24,4960,"15,001-20,000",1017,3.16,18106074
2024-05-24,4960,"20,001-30,000",751,3.31,18995664
2024-05-24,4960,"30,001-40,000",391,2.39,13690777
2024-05-24,4960,"40,001-50,000",241,1.9,10884489
2024-05-24,4960,"50,001-100,000",426,5.32,30466280
2024-05-24,4960,"100,001-200,000",198,5.0,28624934
2024-05-24,4960,"200,001-400,000",79,3.97,22726430
2024-05-24,4960,"400,001-600,000",35,3.05,17493653
2024-05-24,4960,"600,001-800,000",12,1.47,8453258
2024-05-24,4960,"800,001-1,000,000",12,1.82,10424941
2024-05-24,4960,"more than 1,000,001",50,52.14,298384112
2024-05-24,4960,差異數調整（說明4）,0,0.0,0
2024-05-24,4960,total,60936,100.0,572184906
2024-05-31,4960,1-999,35983,0.91,5220053
2024-05-31,4960,"1,000-5,000",15736,6.68,38254961
2024-05-31,4960,"5,001-10,000",4504,6.13,35099324
2024-05-31,4960,"10,001-15,000",1127,2.45,14065469
2024-05-31,4960,"15,001-20,000",995,3.09,17700037
2024-05-31,4960,"20,001-30,000",761,3.36,19234789
2024-05-31,4960,"30,001-40,000",367,2.25,12895543
2024-05-31,4960,"40,001-50,000",231,1.82,10446950
2024-05-31,4960,"50,001-100,000",423,5.26,30121875
2024-05-31,4960,"100,001-200,000",194,4.9,28042431
2024-05-31,4960,"200,001-400,000",81,3.99,22843716
2024-05-31,4960,"400,001-600,000",35,3.03,17351786
2024-05-31,4960,"600,001-800,000",12,1.46,8406726
2024-05-31,4960,"800,001-1,000,000",12,1.84,10567079
2024-05-31,4960,"more than 1,000,001",53,52.76,301934167
2024-05-31,4960,差異數調整（說明4）,0,0.0,0
2024-05-31,4960,total,60514,100.0,572184906
2024-06-07,4960,1-999,35980,0.9,5196067
2024-06-07,4960,"1,000-5,000",15723,6.69,38327738
2024-06-07,4960,"5,001-10,000",4486,6.12,35036811
2024-06-07,4960,"10,001-15,000",1112,2.42,13881132
2024-06-07,4960,"15,001-20,000",991,3.08,17668832
2024-06-07,4960,"20,001-30,000",763,3.39,19398108
2024-06-07,4960,"30,001-40,000",374,2.3,13168168
2024-06-07,4960,"40,001-50,000",220,1.73,9933384
2024-06-07,4960,"50,001-100,000",433,5.4,30934752
2024-06-07,4960,"100,001-200,000",189,4.7,26914395
2024-06-07,4960,"200,001-400,000",81,3.9,22317774
2024-06-07,4960,"400,001-600,000",33,2.8,16032786
2024-06-07,4960,"600,001-800,000",15,1.86,10653483
2024-06-07,4960,"800,001-1,000,000",11,1.66,9537322
2024-06-07,4960,"more than 1,000,001",53,52.98,303184154
2024-06-07,4960,差異數調整（說明4）,0,0.0,0
2024-06-07,4960,total,60464,100.0,572184906
2024-06-14,4960,1-999,35973,0.9,5181971
2024-06-14,4960,"1,000-5,000",15633,6.67,38165984
2024-06-14,4960,"5,001-10,000",4476,6.09,34897769
2024-06-14,4960,"10,001-15,000",1124,2.44,14013645
2024-06-14,4960,"15,001-20,000",979,3.04,17440860
2024-06-14,4960,"20,001-30,000",757,3.35,19173481
2024-06-14,4960,"30,001-40,000",365,2.24,12845648
2024-06-14,4960,"40,001-50,000",226,1.78,10194511
2024-06-14,4960,"50,001-100,000",432,5.36,30720263
2024-06-14,4960,"100,001-200,000",190,4.69,26860152
2024-06-14,4960,"200,001-400,000",83,4.0,22932077
2024-06-14,4960,"400,001-600,000",33,2.78,15946786
2024-06-14,4960,"600,001-800,000",16,1.97,11303624
2024-06-14,4960,"800,001-1,000,000",14,2.11,12122421
2024-06-14,4960,"more than 1,000,001",48,52.49,300385714
2024-06-14,4960,差異數調整（說明4）,0,0.0,0
2024-06-14,4960,total,60349,100.0,572184906
2024-06-21,4960,1-999,35904,0.89,5141687
2024-06-21,4960,"1,000-5,000",15614,6.67,38190398
2024-06-21,4960,"5,001-10,000",4473,6.09,34846927
2024-06-21,4960,"10,001-15,000",1113,2.42,13881818
2024-06-21,4960,"15,001-20,000",985,3.06,17549590
2024-06-21,4960,"20,001-30,000",765,3.38,19360778
2024-06-21,4960,"30,001-40,000",369,2.27,12989905
2024-06-21,4960,"40,001-50,000",224,1.76,10115178
2024-06-21,4960,"50,001-100,000",440,5.48,31357042
2024-06-21,4960,"100,001-200,000",189,4.67,26772980
2024-06-21,4960,"200,001-400,000",87,4.19,24005421
2024-06-21,4960,"400,001-600,000",33,2.79,15992026
2024-06-21,4960,"600,001-800,000",16,1.96,11259627
2024-06-21,4960,"800,001-1,000,000",12,1.81,10393178
2024-06-21,4960,"more than 1,000,001",48,52.48,300328351
2024-06-21,4960,差異數調整（說明4）,0,0.0,0
2024-06-21,4960,total,60272,100.0,572184906
2024-06-28,4960,1-999,35886,0.89,5121371
2024-06-28,4960,"1,000-5,000",15537,6.65,38055696
2024-06-28,4960,"5,001-10,000",4460,6.07,34767526
2024-06-28,4960,"10,001-15,000",1113,2.42,13872974
2024-06-28,4960,"15,001-20,000",988,3.07,17623149
2024-06-28,4960,"20,001-30,000",754,3.35,19197788
2024-06-28,4960,"30,001-40,000",372,2.29,13124537
2024-06-28,4960,"40,001-50,000",224,1.76,10107071
2024-06-28,4960,"50,001-100,000",432,5.36,30724961
2024-06-28,4960,"100,001-200,000",195,4.78,27389820
2024-06-28,4960,"200,001-400,000",86,4.16,23852299
2024-06-28,4960,"400,001-600,000",38,3.24,18581279
2024-06-28,4960,"600,001-800,000",12,1.49,8545732
2024-06-28,4960,"800,001-1,000,000",14,2.13,12236929
2024-06-28,4960,"more than 1,000,001",49,52.25,298983774
2024-06-28,4960,差異數調整（說明4）,0,0.0,0
2024-06-28,4960,total,60160,100.0,572184906
2024-07-05,4960,1-999,35810,0.88,5079204
2024-07-05,4960,"1,000-5,000",15382,6.56,37566009
2024-07-05,4960,"5,001-10,000",4392,5.97,34188611
2024-07-05,4960,"10,001-15,000",1100,2.39,13717457
2024-07-05,4960,"15,001-20,000",981,3.05,17482103
2024-07-05,4960,"20,001-30,000",745,3.31,18952450
2024-07-05,4960,"30,001-40,000",362,2.23,12764174
2024-07-05,4960,"40,001-50,000",224,1.77,10139885
2024-07-05,4960,"50,001-100,000",436,5.4,30950870
2024-07-05,4960,"100,001-200,000",199,4.89,27996387
2024-07-05,4960,"200,001-400,000",85,4.1,23514299
2024-07-05,4960,"400,001-600,000",37,3.19,18257256
2024-07-05,4960,"600,001-800,000",13,1.61,9223058
2024-07-05,4960,"800,001-1,000,000",15,2.29,13118583
2024-07-05,4960,"more than 1,000,001",49,52.29,299234560
2024-07-05,4960,差異數調整（說明4）,0,0.0,0
2024-07-05,4960,total,59830,100.0,572184906
2024-07-12,4960,1-999,35748,0.86,4956321
2024-07-12,4960,"1,000-5,000",16401,6.84,39143464
2024-07-12,4960,"5,001-10,000",4348,5.97,34185491
2024-07-12,4960,"10,001-15,000",1057,2.3,13165120
2024-07-12,4960,"15,001-20,000",963,3.02,17332246
2024-07-12,4960,"20,001-30,000",713,3.16,18104731
2024-07-12,4960,"30,001-40,000",324,1.99,11427503
2024-07-12,4960,"40,001-50,000",223,1.78,10196597
2024-07-12,4960,"50,001-100,000",413,5.15,29482684
2024-07-12,4960,"100,001-200,000",200,4.96,28381483
2024-07-12,4960,"200,001-400,000",76,3.64,20870427
2024-07-12,4960,"400,001-600,000",34,2.92,16753267
2024-07-12,4960,"600,001-800,000",15,1.84,10577125
2024-07-12,4960,"800,001-1,000,000",12,1.82,10429500
2024-07-12,4960,"more than 1,000,001",50,53.68,307178947
2024-07-12,4960,差異數調整（說明4）,0,0.0,0
2024-07-12,4960,total,60577,100.0,572184906
2024-07-19,4960,1-999,35803,0.86,4933197
2024-07-19,4960,"1,000-5,000",16692,6.9,39501221
2024-07-19,4960,"5,001-10,000",4295,5.91,33862077
2024-07-19,4960,"10,001-15,000",1044,2.28,13071490
2024-07-19,4960,"15,001-20,000",951,2.99,17111655
2024-07-19,4960,"20,001-30,000",686,3.06,17527634
2024-07-19,4960,"30,001-40,000",315,1.93,11094048
2024-07-19,4960,"40,001-50,000",226,1.8,10341479
2024-07-19,4960,"50,001-100,000",408,5.09,29174736
2024-07-19,4960,"100,001-200,000",199,4.9,28073374
2024-07-19,4960,"200,001-400,000",75,3.61,20687115
2024-07-19,4960,"400,001-600,000",33,2.83,16239914
2024-07-19,4960,"600,001-800,000",15,1.86,10672392
2024-07-19,4960,"800,001-1,000,000",13,2.0,11496284
2024-07-19,4960,"more than 1,000,001",50,53.89,308398290
2024-07-19,4960,差異數調整（說明4）,0,0.0,0
2024-07-19,4960,total,60805,100.0,572184906
2024-07-26,4960,1-999,35782,0.85,4911949
2024-07-26,4960,"1,000-5,000",16458,6.82,39056403
2024-07-26,4960,"5,001-10,000",4287,5.89,33739514
2024-07-26,4960,"10,001-15,000",1044,2.28,13071698
2024-07-26,4960,"15,001-20,000",935,2.94,16824393
2024-07-26,4960,"20,001-30,000",677,3.01,17256919
2024-07-26,4960,"30,001-40,000",311,1.91,10970249
2024-07-26,4960,"40,001-50,000",222,1.77,10137242
2024-07-26,4960,"50,001-100,000",402,4.96,28411227
2024-07-26,4960,"100,001-200,000",206,5.07,29013145
2024-07-26,4960,"200,001-400,000",77,3.7,21177416
2024-07-26,4960,"400,001-600,000",39,3.38,19365076
2024-07-26,4960,"600,001-800,000",13,1.62,9283551
2024-07-26,4960,"800,001-1,000,000",14,2.16,12412284
2024-07-26,4960,"more than 1,000,001",48,53.57,306553840
2024-07-26,4960,差異數調整（說明4）,0,0.0,0
2024-07-26,4960,total,60515,100.0,572184906
2024-08-02,4960,1-999,35775,0.85,4892350
2024-08-02,4960,"1,000-5,000",16377,6.79,38898362
2024-08-02,4960,"5,001-10,000",4309,5.92,33909649
2024-08-02,4960,"10,001-15,000",1050,2.29,13143853
2024-08-02,4960,"15,001-20,000",933,2.93,16786260
2024-08-02,4960,"20,001-30,000",673,2.98,17104279
2024-08-02,4960,"30,001-40,000",315,1.94,11122915
2024-08-02,4960,"40,001-50,000",224,1.78,10225556
2024-08-02,4960,"50,001-100,000",400,4.97,28469476
2024-08-02,4960,"100,001-200,000",197,4.84,27746005
2024-08-02,4960,"200,001-400,000",81,3.78,21682655
2024-08-02,4960,"400,001-600,000",38,3.3,18902152
2024-08-02,4960,"600,001-800,000",15,1.85,10612459
2024-08-02,4960,"800,001-1,000,000",15,2.32,13297786
2024-08-02,4960,"more than 1,000,001",47,53.37,305391149
2024-08-02,4960,差異數調整（說明4）,0,0.0,0
2024-08-02,4960,total,60449,100.0,572184906
2024-08-09,4960,1-999,35779,0.84,4862925
2024-08-09,4960,"1,000-5,000",16236,6.75,38671178
2024-08-09,4960,"5,001-10,000",4251,5.84,33463975
2024-08-09,4960,"10,001-15,000",1065,2.32,13306887
2024-08-09,4960,"15,001-20,000",930,2.92,16714011
2024-08-09,4960,"20,001-30,000",689,3.05,17492904
2024-08-09,4960,"30,001-40,000",310,1.91,10966674
2024-08-09,4960,"40,001-50,000",221,1.76,10099454
2024-08-09,4960,"50,001-100,000",398,4.97,28484541
2024-08-09,4960,"100,001-200,000",195,4.81,27539391
2024-08-09,4960,"200,001-400,000",83,3.85,22056183
2024-08-09,4960,"400,001-600,000",42,3.6,20620337
2024-08-09,4960,"600,001-800,000",16,2.0,11466065
2024-08-09,4960,"800,001-1,000,000",15,2.29,13125932
2024-08-09,4960,"more than 1,000,001",47,53.0,303314449
2024-08-09,4960,差異數調整（說明4）,0,0.0,0
2024-08-09,4960,total,60277,100.0,572184906
2024-08-16,4960,1-999,35796,0.84,4855374
2024-08-16,4960,"1,000-5,000",16158,6.72,38489125
2024-08-16,4960,"5,001-10,000",4256,5.85,33494434
2024-08-16,4960,"10,001-15,000",1075,2.34,13435446
2024-08-16,4960,"15,001-20,000",915,2.87,16449293
2024-08-16,4960,"20,001-30,000",690,3.06,17518862
2024-08-16,4960,"30,001-40,000",314,1.94,11112367
2024-08-16,4960,"40,001-50,000",223,1.78,10187699
2024-08-16,4960,"50,001-100,000",402,4.98,28520953
2024-08-16,4960,"100,001-200,000",193,4.78,27390124
2024-08-16,4960,"200,001-400,000",86,4.07,23317116
2024-08-16,4960,"400,001-600,000",40,3.43,19661976
2024-08-16,4960,"600,001-800,000",17,2.09,12006260
2024-08-16,4960,"800,001-1,000,000",15,2.29,13118336
2024-08-16,4960,"more than 1,000,001",47,52.88,302627541
2024-08-16,4960,差異數調整（說明4）,0,0.0,0
2024-08-16,4960,total,60227,100.0,572184906
2024-08-23,4960,1-999,35755,0.84,4824251
2024-08-23,4960,"1,000-5,000",16217,6.75,38635331
2024-08-23,4960,"5,001-10,000",4300,5.91,33817804
2024-08-23,4960,"10,001-15,000",1085,2.36,13547617
2024-08-23,4960,"15,001-20,000",946,2.97,17007374
2024-08-23,4960,"20,001-30,000",698,3.1,17744553
2024-08-23,4960,"30,001-40,000",321,1.98,11358890
2024-08-23,4960,"40,001-50,000",219,1.74,9996647
2024-08-23,4960,"50,001-100,000",400,4.96,28414118
2024-08-23,4960,"100,001-200,000",198,4.88,27944247
2024-08-23,4960,"200,001-400,000",91,4.33,24779629
2024-08-23,4960,"400,001-600,000",40,3.4,19469519
2024-08-23,4960,"600,001-800,000",17,2.12,12149790
2024-08-23,4960,"800,001-1,000,000",13,1.95,11212881
2024-08-23,4960,"more than 1,000,001",48,52.65,301282255
2024-08-23,4960,差異數調整（說明4）,0,0.0,0
2024-08-23,4960,total,60348,100.0,572184906
2024-08-30,4960,1-999,35766,0.84,4812261
2024-08-30,4960,"1,000-5,000",16204,6.76,38711075
2024-08-30,4960,"5,001-10,000",4320,5.94,34033154
2024-08-30,4960,"10,001-15,000",1090,2.37,13590799
2024-08-30,4960,"15,001-20,000",957,3.01,17245724
2024-08-30,4960,"20,001-30,000",705,3.13,17927573
2024-08-30,4960,"30,001-40,000",331,2.04,11724995
2024-08-30,4960,"40,001-50,000",214,1.7,9759078
2024-08-30,4960,"50,001-100,000",404,5.05,28917429
2024-08-30,4960,"100,001-200,000",193,4.75,27215501
2024-08-30,4960,"200,001-400,000",95,4.52,25874458
2024-08-30,4960,"400,001-600,000",39,3.32,19015839
2024-08-30,4960,"600,001-800,000",12,1.52,8729137
2024-08-30,4960,"800,001-1,000,000",18,2.75,15779942
2024-08-30,4960,"more than 1,000,001",51,52.22,298847941
2024-08-30,4960,差異數調整（說明4）,0,0.0,0
2024-08-30,4960,total,60399,100.0,572184906
2024-09-06,4960,1-999,35764,0.83,4788370
2024-09-06,4960,"1,000-5,000",16371,6.84,39139068
2024-09-06,4960,"5,001-10,000",4380,6.03,34504514
2024-09-06,4960,"10,001-15,000",1145,2.5,14354929
2024-09-06,4960,"15,001-20,000",965,3.03,17387575
2024-09-06,4960,"20,001-30,000",727,3.23,18508925
2024-09-06,4960,"30,001-40,000",335,2.07,11870819
2024-09-06,4960,"40,001-50,000",224,1.78,10214380
2024-09-06,4960,"50,001-100,000",410,5.14,29414571
2024-09-06,4960,"100,001-200,000",192,4.71,26975501
2024-09-06,4960,"200,001-400,000",98,4.68,26813140
2024-09-06,4960,"400,001-600,000",35,3.03,17340556
2024-09-06,4960,"600,001-800,000",15,1.89,10867982
2024-09-06,4960,"800,001-1,000,000",17,2.66,15249476
2024-09-06,4960,"more than 1,000,001",51,51.51,294755100
2024-09-06,4960,差異數調整（說明4）,0,0.0,0
2024-09-06,4960,total,60729,100.0,572184906
2024-09-13,4960,1-999,35753,0.83,4777556
2024-09-13,4960,"1,000-5,000",16248,6.79,38853184
2024-09-13,4960,"5,001-10,000",4355,5.99,34270122
2024-09-13,4960,"10,001-15,000",1140,2.49,14282938
2024-09-13,4960,"15,001-20,000",970,3.05,17476260
2024-09-13,4960,"20,001-30,000",718,3.19,18282015
2024-09-13,4960,"30,001-40,000",332,2.05,11753824
2024-09-13,4960,"40,001-50,000",217,1.72,9889544
2024-09-13,4960,"50,001-100,000",412,5.13,29347158
2024-09-13,4960,"100,001-200,000",195,4.8,27479101
2024-09-13,4960,"200,001-400,000",97,4.6,26354243
2024-09-13,4960,"400,001-600,000",38,3.3,18915848
2024-09-13,4960,"600,001-800,000",15,1.89,10828181
2024-09-13,4960,"800,001-1,000,000",17,2.64,15103476
2024-09-13,4960,"more than 1,000,001",50,51.46,294345379
2024-09-13,4960,差異數調整（說明4）,0,0.0,0
2024-09-13,4960,total,60557,100.0,571958829
2024-09-20,4960,1-999,35760,0.83,4768539
2024-09-20,4960,"1,000-5,000",16160,6.76,38676886
2024-09-20,4960,"5,001-10,000",4350,5.98,34224675
2024-09-20,4960,"10,001-15,000",1124,2.46,14084623
2024-09-20,4960,"15,001-20,000",965,3.03,17373505
2024-09-20,4960,"20,001-30,000",714,3.17,18157819
2024-09-20,4960,"30,001-40,000",333,2.06,11790839
2024-09-20,4960,"40,001-50,000",217,1.72,9876499
2024-09-20,4960,"50,001-100,000",406,5.04,28840781
2024-09-20,4960,"100,001-200,000",196,4.81,27536708
2024-09-20,4960,"200,001-400,000",96,4.57,26183396
2024-09-20,4960,"400,001-600,000",39,3.38,19340848
2024-09-20,4960,"600,001-800,000",13,1.64,9401181
2024-09-20,4960,"800,001-1,000,000",17,2.62,15012476
2024-09-20,4960,"more than 1,000,001",52,51.87,296690054
2024-09-20,4960,差異數調整（說明4）,0,0.0,0
2024-09-20,4960,total,60442,100.0,571958829
2024-09-27,4960,1-999,35758,0.82,4742740
2024-09-27,4960,"1,000-5,000",16048,6.71,38406935
2024-09-27,4960,"5,001-10,000",4340,5.96,34129396
2024-09-27,4960,"10,001-15,000",1123,2.45,14061164
2024-09-27,4960,"15,001-20,000",949,2.98,17074154
2024-09-27,4960,"20,001-30,000",711,3.16,18101782
2024-09-27,4960,"30,001-40,000",331,2.04,11722444
2024-09-27,4960,"40,001-50,000",221,1.76,10075570
2024-09-27,4960,"50,001-100,000",401,4.97,28466810
2024-09-27,4960,"100,001-200,000",193,4.77,27307670
2024-09-27,4960,"200,001-400,000",97,4.65,26642570
2024-09-27,4960,"400,001-600,000",37,3.23,18498002
2024-09-27,4960,"600,001-800,000",14,1.75,10012686
2024-09-27,4960,"800,001-1,000,000",20,3.1,17779080
2024-09-27,4960,"more than 1,000,001",52,51.56,294937826
2024-09-27,4960,差異數調整（說明4）,0,0.0,0
2024-09-27,4960,total,60295,100.0,571958829
2024-10-04,4960,1-999,35780,0.82,4738755
2024-10-04,4960,"1,000-5,000",16013,6.7,38336257
2024-10-04,4960,"5,001-10,000",4344,5.97,34166258
2024-10-04,4960,"10,001-15,000",1126,2.46,14103697
2024-10-04,4960,"15,001-20,000",950,2.99,17101652
2024-10-04,4960,"20,001-30,000",715,3.18,18239531
2024-10-04,4960,"30,001-40,000",324,2.0,11470940
2024-10-04,4960,"40,001-50,000",224,1.78,10197095
2024-10-04,4960,"50,001-100,000",407,5.05,28893639
2024-10-04,4960,"100,001-200,000",193,4.79,27447937
2024-10-04,4960,"200,001-400,000",95,4.6,26351570
2024-10-04,4960,"400,001-600,000",36,3.15,18049002
2024-10-04,4960,"600,001-800,000",15,1.83,10510686
2024-10-04,4960,"800,001-1,000,000",20,3.11,17807082
2024-10-04,4960,"more than 1,000,001",51,51.49,294544728
2024-10-04,4960,差異數調整（說明4）,0,0.0,0
2024-10-04,4960,total,60293,100.0,571958829
2024-10-11,4960,1-999,35775,0.82,4735506
2024-10-11,4960,"1,000-5,000",15960,6.69,38291475
2024-10-11,4960,"5,001-10,000",4349,5.97,34199617
2024-10-11,4960,"10,001-15,000",1119,2.44,13988593
2024-10-11,4960,"15,001-20,000",962,3.02,17329471
2024-10-11,4960,"20,001-30,000",717,3.19,18266672
2024-10-11,4960,"30,001-40,000",323,1.99,11420451
2024-10-11,4960,"40,001-50,000",215,1.71,9783778
2024-10-11,4960,"50,001-100,000",424,5.26,30112098
2024-10-11,4960,"100,001-200,000",194,4.81,27541566
2024-10-11,4960,"200,001-400,000",94,4.52,25909449
2024-10-11,4960,"400,001-600,000",38,3.28,18802394
2024-10-11,4960,"600,001-800,000",17,2.06,11799816
2024-10-11,4960,"800,001-1,000,000",19,2.94,16818430
2024-10-11,4960,"more than 1,000,001",50,51.22,292959513
2024-10-11,4960,差異數調整（說明4）,0,0.0,0
2024-10-11,4960,total,60256,100.0,571958829
2024-10-18,4960,1-999,35782,0.82,4727241
2024-10-18,4960,"1,000-5,000",15857,6.65,38079579
2024-10-18,4960,"5,001-10,000",4341,5.96,34136397
2024-10-18,4960,"10,001-15,000",1115,2.43,13955354
2024-10-18,4960,"15,001-20,000",970,3.05,17477412
2024-10-18,4960,"20,001-30,000",720,3.2,18355672
2024-10-18,4960,"30,001-40,000",328,2.02,11596065
2024-10-18,4960,"40,001-50,000",217,1.72,9875965
2024-10-18,4960,"50,001-100,000",422,5.21,29803910
2024-10-18,4960,"100,001-200,000",197,4.88,27916542
2024-10-18,4960,"200,001-400,000",96,4.68,26783758
2024-10-18,4960,"400,001-600,000",36,3.08,17659592
2024-10-18,4960,"600,001-800,000",14,1.7,9759923
2024-10-18,4960,"800,001-1,000,000",20,3.09,17697310
2024-10-18,4960,"more than 1,000,001",51,51.42,294134109
2024-10-18,4960,差異數調整（說明4）,0,0.0,0
2024-10-18,4960,total,60166,100.0,571958829
2024-10-25,4960,1-999,35781,0.82,4743676
2024-10-25,4960,"1,000-5,000",15903,6.68,38234039
2024-10-25,4960,"5,001-10,000",4350,5.98,34230377
2024-10-25,4960,"10,001-15,000",1120,2.44,14006625
2024-10-25,4960,"15,001-20,000",972,3.06,17522225
2024-10-25,4960,"20,001-30,000",719,3.2,18307688
2024-10-25,4960,"30,001-40,000",333,2.05,11768475
2024-10-25,4960,"40,001-50,000",211,1.67,9601333
2024-10-25,4960,"50,001-100,000",429,5.3,30328099
2024-10-25,4960,"100,001-200,000",201,4.99,28556515
2024-10-25,4960,"200,001-400,000",97,4.72,27036472
2024-10-25,4960,"400,001-600,000",35,2.99,17130289
2024-10-25,4960,"600,001-800,000",16,1.95,11203349
2024-10-25,4960,"800,001-1,000,000",19,2.9,16634310
2024-10-25,4960,"more than 1,000,001",52,51.16,292655357
2024-10-25,4960,差異數調整（說明4）,0,0.0,0
2024-10-25,4960,total,60238,100.0,571958829
2024-11-01,4960,1-999,35802,0.82,4731431
2024-11-01,4960,"1,000-5,000",15857,6.66,38137289
2024-11-01,4960,"5,001-10,000",4356,5.99,34275126
2024-11-01,4960,"10,001-15,000",1112,2.42,13890898
2024-11-01,4960,"15,001-20,000",974,3.06,17557381
2024-11-01,4960,"20,001-30,000",721,3.21,18402469
2024-11-01,4960,"30,001-40,000",333,2.05,11764208
2024-11-01,4960,"40,001-50,000",218,1.73,9924628
2024-11-01,4960,"50,001-100,000",421,5.22,29911123
2024-11-01,4960,"100,001-200,000",198,4.91,28106786
2024-11-01,4960,"200,001-400,000",98,4.76,27260436
2024-11-01,4960,"400,001-600,000",34,2.96,16966106
2024-11-01,4960,"600,001-800,000",15,1.86,10662349
2024-11-01,4960,"800,001-1,000,000",18,2.76,15813226
2024-11-01,4960,"more than 1,000,001",53,51.49,294555373
2024-11-01,4960,差異數調整（說明4）,0,0.0,0
2024-11-01,4960,total,60210,100.0,571958829
2024-11-08,4960,1-999,35838,0.82,4721430
2024-11-08,4960,"1,000-5,000",15790,6.64,37988895
2024-11-08,4960,"5,001-10,000",4337,5.96,34139350
2024-11-08,4960,"10,001-15,000",1101,2.4,13758937
2024-11-08,4960,"15,001-20,000",968,3.04,17440524
2024-11-08,4960,"20,001-30,000",723,3.22,18425867
2024-11-08,4960,"30,001-40,000",328,2.02,11592367
2024-11-08,4960,"40,001-50,000",221,1.76,10069518
2024-11-08,4960,"50,001-100,000",421,5.23,29926433
2024-11-08,4960,"100,001-200,000",195,4.87,27892079
2024-11-08,4960,"200,001-400,000",101,4.9,28060948
2024-11-08,4960,"400,001-600,000",32,2.76,15818814
2024-11-08,4960,"600,001-800,000",17,2.08,11951242
2024-11-08,4960,"800,001-1,000,000",14,2.15,12318978
2024-11-08,4960,"more than 1,000,001",55,52.07,297853447
2024-11-08,4960,差異數調整（說明4）,0,0.0,0
2024-11-08,4960,total,60141,100.0,571958829
2024-11-15,4960,1-999,35887,0.82,4715022
2024-11-15,4960,"1,000-5,000",15742,6.62,37865275
2024-11-15,4960,"5,001-10,000",4323,5.94,34017261
2024-11-15,4960,"10,001-15,000",1093,2.38,13651438
2024-11-15,4960,"15,001-20,000",963,3.03,17345884
2024-11-15,4960,"20,001-30,000",731,3.26,18656812
2024-11-15,4960,"30,001-40,000",323,2.0,11440367
2024-11-15,4960,"40,001-50,000",217,1.72,9879739
2024-11-15,4960,"50,001-100,000",423,5.25,30054838
2024-11-15,4960,"100,001-200,000",195,4.88,27957225
2024-11-15,4960,"200,001-400,000",104,5.07,29016802
2024-11-15,4960,"400,001-600,000",31,2.67,15323321
2024-11-15,4960,"600,001-800,000",18,2.16,12380309
2024-11-15,4960,"800,001-1,000,000",13,2.0,11456669
2024-11-15,4960,"more than 1,000,001",54,52.13,298197867
2024-11-15,4960,差異數調整（說明4）,0,0.0,0
2024-11-15,4960,total,60117,100.0,571958829
2024-11-22,4960,1-999,35917,0.82,4701076
2024-11-22,4960,"1,000-5,000",15675,6.59,37729187
2024-11-22,4960,"5,001-10,000",4306,5.91,33839832
2024-11-22,4960,"10,001-15,000",1099,2.4,13736715
2024-11-22,4960,"15,001-20,000",957,3.01,17253380
2024-11-22,4960,"20,001-30,000",727,3.24,18551063
2024-11-22,4960,"30,001-40,000",317,1.96,11241095
2024-11-22,4960,"40,001-50,000",222,1.76,10121383
2024-11-22,4960,"50,001-100,000",419,5.19,29692040
2024-11-22,4960,"100,001-200,000",197,4.93,28214181
2024-11-22,4960,"200,001-400,000",100,4.82,27568548
2024-11-22,4960,"400,001-600,000",29,2.52,14459159
2024-11-22,4960,"600,001-800,000",18,2.19,12561206
2024-11-22,4960,"800,001-1,000,000",14,2.15,12341669
2024-11-22,4960,"more than 1,000,001",56,52.44,299948295
2024-11-22,4960,差異數調整（說明4）,0,0.0,0
2024-11-22,4960,total,60053,100.0,571958829
2024-11-29,4960,1-999,35960,0.82,4690644
2024-11-29,4960,"1,000-5,000",15635,6.58,37689375
2024-11-29,4960,"5,001-10,000",4284,5.89,33720889
2024-11-29,4960,"10,001-15,000",1087,2.37,13598167
2024-11-29,4960,"15,001-20,000",946,2.97,17041279
2024-11-29,4960,"20,001-30,000",718,3.19,18294833
2024-11-29,4960,"30,001-40,000",321,1.99,11395861
2024-11-29,4960,"40,001-50,000",222,1.76,10120430
2024-11-29,4960,"50,001-100,000",423,5.24,29977002
2024-11-29,4960,"100,001-200,000",187,4.65,26609460
2024-11-29,4960,"200,001-400,000",104,5.02,28766480
2024-11-29,4960,"400,001-600,000",33,2.83,16194368
2024-11-29,4960,"600,001-800,000",17,2.1,12034419
2024-11-29,4960,"800,001-1,000,000",12,1.82,10462217
2024-11-29,4960,"more than 1,000,001",61,52.68,301363405
2024-11-29,4960,差異數調整（說明4）,0,0.0,0
2024-11-29,4960,total,60010,100.0,571958829
2024-12-06,4960,1-999,36013,0.81,4677431
2024-12-06,4960,"1,000-5,000",15578,6.56,37526894
2024-12-06,4960,"5,001-10,000",4285,5.89,33744709
2024-12-06,4960,"10,001-15,000",1074,2.34,13439836
2024-12-06,4960,"15,001-20,000",944,2.97,17014435
2024-12-06,4960,"20,001-30,000",720,3.2,18358344
2024-12-06,4960,"30,001-40,000",320,1.98,11353251
2024-12-06,4960,"40,001-50,000",223,1.77,10156259
2024-12-06,4960,"50,001-100,000",420,5.21,29840957
2024-12-06,4960,"100,001-200,000",188,4.68,26805507
2024-12-06,4960,"200,001-400,000",103,4.99,28554105
2024-12-06,4960,"400,001-600,000",33,2.82,16162743
2024-12-06,4960,"600,001-800,000",18,2.21,12678728
2024-12-06,4960,"800,001-1,000,000",11,1.67,9562908
2024-12-06,4960,"more than 1,000,001",61,52.81,302082722
2024-12-06,4960,差異數調整（說明4）,0,0.0,0
2024-12-06,4960,total,59991,100.0,571958829
2024-12-13,4960,1-999,36069,0.81,4668455
2024-12-13,4960,"1,000-5,000",15532,6.54,37419650
2024-12-13,4960,"5,001-10,000",4268,5.87,33628645
2024-12-13,4960,"10,001-15,000",1070,2.33,13382029
2024-12-13,4960,"15,001-20,000",948,2.98,17076128
2024-12-13,4960,"20,001-30,000",715,3.19,18246887
2024-12-13,4960,"30,001-40,000",319,1.97,11280811
2024-12-13,4960,"40,001-50,000",226,1.8,10321932
2024-12-13,4960,"50,001-100,000",421,5.24,29984711
2024-12-13,4960,"100,001-200,000",187,4.67,26724684
2024-12-13,4960,"200,001-400,000",104,5.04,28847105
2024-12-13,4960,"400,001-600,000",32,2.75,15762368
2024-12-13,4960,"600,001-800,000",17,2.1,12063419
2024-12-13,4960,"800,001-1,000,000",12,1.84,10553283
2024-12-13,4960,"more than 1,000,001",62,52.8,301998722
2024-12-13,4960,差異數調整（說明4）,0,0.0,0
2024-12-13,4960,total,59982,100.0,571958829
2024-12-20,4960,1-999,36147,0.81,4656626
2024-12-20,4960,"1,000-5,000",15456,6.51,37250691
2024-12-20,4960,"5,001-10,000",4260,5.86,33563908
2024-12-20,4960,"10,001-15,000",1064,2.32,13294812
2024-12-20,4960,"15,001-20,000",948,2.98,17068326
2024-12-20,4960,"20,001-30,000",705,3.14,17975627
2024-12-20,4960,"30,001-40,000",324,2.0,11473166
2024-12-20,4960,"40,001-50,000",230,1.83,10515413
2024-12-20,4960,"50,001-100,000",418,5.2,29760002
2024-12-20,4960,"100,001-200,000",189,4.69,26831157
2024-12-20,4960,"200,001-400,000",103,5.04,28860564
2024-12-20,4960,"400,001-600,000",33,2.85,16319106
2024-12-20,4960,"600,001-800,000",16,2.03,11663076
2024-12-20,4960,"800,001-1,000,000",12,1.89,10818908
2024-12-20,4960,"more than 1,000,001",62,52.78,301907447
2024-12-20,4960,差異數調整（說明4）,0,0.0,0
2024-12-20,4960,total,59967,100.0,571958829
2024-12-27,4960,1-999,36188,0.81,4638308
2024-12-27,4960,"1,000-5,000",15285,6.44,36867240
2024-12-27,4960,"5,001-10,000",4250,5.85,33514562
2024-12-27,4960,"10,001-15,000",1051,2.29,13138733
2024-12-27,4960,"15,001-20,000",935,2.94,16843307
2024-12-27,4960,"20,001-30,000",710,3.16,18109227
2024-12-27,4960,"30,001-40,000",319,1.97,11304574
2024-12-27,4960,"40,001-50,000",229,1.83,10469429
2024-12-27,4960,"50,001-100,000",421,5.24,29991262
2024-12-27,4960,"100,001-200,000",183,4.54,26015417
2024-12-27,4960,"200,001-400,000",103,5.01,28663233
2024-12-27,4960,"400,001-600,000",33,2.81,16124106
2024-12-27,4960,"600,001-800,000",15,1.9,10889146
2024-12-27,4960,"800,001-1,000,000",14,2.19,12580213
2024-12-27,4960,"more than 1,000,001",62,52.94,302810072
2024-12-27,4960,差異數調整（說明4）,0,0.0,0
2024-12-27,4960,total,59798,100.0,571958829
2025-01-03,4960,1-999,36253,0.8,4624341
2025-01-03,4960,"1,000-5,000",15208,6.41,36696546
2025-01-03,4960,"5,001-10,000",4199,5.78,33063958
2025-01-03,4960,"10,001-15,000",1047,2.28,13077945
2025-01-03,4960,"15,001-20,000",927,2.91,16696564
2025-01-03,4960,"20,001-30,000",699,3.11,17802641
2025-01-03,4960,"30,001-40,000",318,1.97,11270694
2025-01-03,4960,"40,001-50,000",222,1.77,10150429
2025-01-03,4960,"50,001-100,000",427,5.31,30384310
2025-01-03,4960,"100,001-200,000",186,4.62,26426631
2025-01-03,4960,"200,001-400,000",103,5.05,28923576
2025-01-03,4960,"400,001-600,000",33,2.8,16041763
2025-01-03,4960,"600,001-800,000",14,1.77,10124146
2025-01-03,4960,"800,001-1,000,000",14,2.17,12426838
2025-01-03,4960,"more than 1,000,001",63,53.19,304248447
2025-01-03,4960,差異數調整（說明4）,0,0.0,0
2025-01-03,4960,total,59713,100.0,571958829
2025-01-10,4960,1-999,36334,0.8,4625520
2025-01-10,4960,"1,000-5,000",15146,6.39,36574167
2025-01-10,4960,"5,001-10,000",4186,5.76,32948701
2025-01-10,4960,"10,001-15,000",1044,2.28,13044299
2025-01-10,4960,"15,001-20,000",923,2.9,16623887
2025-01-10,4960,"20,001-30,000",702,3.12,17872979
2025-01-10,4960,"30,001-40,000",319,1.98,11327387
2025-01-10,4960,"40,001-50,000",221,1.76,10082104
2025-01-10,4960,"50,001-100,000",423,5.26,30091727
2025-01-10,4960,"100,001-200,000",185,4.58,26231251
2025-01-10,4960,"200,001-400,000",105,5.14,29408740
2025-01-10,4960,"400,001-600,000",34,2.95,16921758
2025-01-10,4960,"600,001-800,000",12,1.52,8698146
2025-01-10,4960,"800,001-1,000,000",15,2.32,13300838
2025-01-10,4960,"more than 1,000,001",63,53.18,304207325
2025-01-10,4960,差異數調整（說明4）,0,0.0,0
2025-01-10,4960,total,59712,100.0,571958829
2025-01-17,4960,1-999,36491,0.8,4622891
2025-01-17,4960,"1,000-5,000",14967,6.31,36103314
2025-01-17,4960,"5,001-10,000",4125,5.67,32422562
2025-01-17,4960,"10,001-15,000",1021,2.22,12727880
2025-01-17,4960,"15,001-20,000",915,2.88,16482684
2025-01-17,4960,"20,001-30,000",694,3.08,17662842
2025-01-17,4960,"30,001-40,000",312,1.93,11084821
2025-01-17,4960,"40,001-50,000",220,1.75,10026574
2025-01-17,4960,"50,001-100,000",412,5.11,29255857
2025-01-17,4960,"100,001-200,000",184,4.5,25778824
2025-01-17,4960,"200,001-400,000",107,5.19,29688998
2025-01-17,4960,"400,001-600,000",32,2.78,15920763
2025-01-17,4960,"600,001-800,000",14,1.75,10053270
2025-01-17,4960,"800,001-1,000,000",15,2.31,13257213
2025-01-17,4960,"more than 1,000,001",62,53.63,306616895
2025-01-17,4960,差異數調整（說明4）,0,0.0,0
2025-01-17,4960,total,59571,100.0,571705388
2025-01-24,4960,1-999,36655,0.8,4613949
2025-01-24,4960,"1,000-5,000",14855,6.27,35851685
2025-01-24,4960,"5,001-10,000",4065,5.57,31896800
2025-01-24,4960,"10,001-15,000",1017,2.21,12673452
2025-01-24,4960,"15,001-20,000",905,2.85,16325126
2025-01-24,4960,"20,001-30,000",691,3.07,17562907
2025-01-24,4960,"30,001-40,000",307,1.9,10875852
2025-01-24,4960,"40,001-50,000",219,1.74,9989697
2025-01-24,4960,"50,001-100,000",401,4.98,28471648
2025-01-24,4960,"100,001-200,000",186,4.58,26221279
2025-01-24,4960,"200,001-400,000",106,5.16,29529852
2025-01-24,4960,"400,001-600,000",31,2.67,15289763
2025-01-24,4960,"600,001-800,000",12,1.5,8597373
2025-01-24,4960,"800,001-1,000,000",16,2.48,14199213
2025-01-24,4960,"more than 1,000,001",64,54.15,309606792
2025-01-24,4960,差異數調整（說明4）,0,0.0,0
2025-01-24,4960,total,59530,100.0,571705388
2025-02-08,4960,1-999,37307,0.8,4609402
2025-02-08,4960,"1,000-5,000",14723,6.2,35484514
2025-02-08,4960,"5,001-10,000",4047,5.55,31767632
2025-02-08,4960,"10,001-15,000",1010,2.19,12561608
2025-02-08,4960,"15,001-20,000",895,2.81,16111567
2025-02-08,4960,"20,001-30,000",677,3.01,17250548
2025-02-08,4960,"30,001-40,000",306,1.89,10807118
2025-02-08,4960,"40,001-50,000",212,1.69,9664459
2025-02-08,4960,"50,001-100,000",407,5.06,28966176
2025-02-08,4960,"100,001-200,000",188,4.64,26528847
2025-02-08,4960,"200,001-400,000",105,5.16,29515386
2025-02-08,4960,"400,001-600,000",30,2.56,14671763
2025-02-08,4960,"600,001-800,000",14,1.76,10080265
2025-02-08,4960,"800,001-1,000,000",15,2.31,13215482
2025-02-08,4960,"more than 1,000,001",63,54.3,310470621
2025-02-08,4960,差異數調整（說明4）,0,0.0,0
2025-02-08,4960,total,59999,100.0,571705388
2025-02-14,4960,1-999,37910,0.8,4604355
2025-02-14,4960,"1,000-5,000",14630,6.16,35269201
2025-02-14,4960,"5,001-10,000",4025,5.52,31607905
2025-02-14,4960,"10,001-15,000",995,2.16,12354871
2025-02-14,4960,"15,001-20,000",891,2.8,16037108
2025-02-14,4960,"20,001-30,000",680,3.02,17277135
2025-02-14,4960,"30,001-40,000",304,1.87,10722531
2025-02-14,4960,"40,001-50,000",217,1.73,9896959
2025-02-14,4960,"50,001-100,000",400,4.99,28558746
2025-02-14,4960,"100,001-200,000",183,4.52,25870682
2025-02-14,4960,"200,001-400,000",109,5.33,30482429
2025-02-14,4960,"400,001-600,000",32,2.78,15932040
2025-02-14,4960,"600,001-800,000",15,1.83,10498593
2025-02-14,4960,"800,001-1,000,000",19,2.92,16728140
2025-02-14,4960,"more than 1,000,001",60,53.5,305864693
2025-02-14,4960,差異數調整（說明4）,0,0.0,0
2025-02-14,4960,total,60470,100.0,571705388
2025-02-21,4960,1-999,38627,0.8,4593771
2025-02-21,4960,"1,000-5,000",14598,6.15,35164983
2025-02-21,4960,"5,001-10,000",4004,5.5,31458809
2025-02-21,4960,"10,001-15,000",992,2.15,12346410
2025-02-21,4960,"15,001-20,000",892,2.8,16038627
2025-02-21,4960,"20,001-30,000",675,2.99,17150449
2025-02-21,4960,"30,001-40,000",312,1.93,11039790
2025-02-21,4960,"40,001-50,000",213,1.7,9727942
2025-02-21,4960,"50,001-100,000",398,4.97,28436455
2025-02-21,4960,"100,001-200,000",181,4.49,25685058
2025-02-21,4960,"200,001-400,000",110,5.39,30850527
2025-02-21,4960,"400,001-600,000",32,2.76,15807040
2025-02-21,4960,"600,001-800,000",10,1.23,7056091
2025-02-21,4960,"800,001-1,000,000",19,2.91,16675350
2025-02-21,4960,"more than 1,000,001",62,54.16,309674086
2025-02-21,4960,差異數調整（說明4）,0,0.0,0
2025-02-21,4960,total,61125,100.0,571705388
2025-02-27,4960,1-999,39223,0.8,4592023
2025-02-27,4960,"1,000-5,000",14580,6.13,35086737
2025-02-27,4960,"5,001-10,000",3996,5.49,31413927
2025-02-27,4960,"10,001-15,000",987,2.14,12290475
2025-02-27,4960,"15,001-20,000",879,2.76,15810748
2025-02-27,4960,"20,001-30,000",670,2.96,16978758
2025-02-27,4960,"30,001-40,000",312,1.92,11023588
2025-02-27,4960,"40,001-50,000",214,1.7,9748265
2025-02-27,4960,"50,001-100,000",405,5.05,28909060
2025-02-27,4960,"100,001-200,000",179,4.42,25281113
2025-02-27,4960,"200,001-400,000",107,5.28,30214228
2025-02-27,4960,"400,001-600,000",31,2.69,15383040
2025-02-27,4960,"600,001-800,000",10,1.25,7156091
2025-02-27,4960,"800,001-1,000,000",19,2.94,16820453
2025-02-27,4960,"more than 1,000,001",64,54.39,310996882
2025-02-27,4960,差異數調整（說明4）,0,0.0,0
2025-02-27,4960,total,61676,100.0,571705388
2025-03-07,4960,1-999,39786,0.8,4581784
2025-03-07,4960,"1,000-5,000",14430,6.08,34763158
2025-03-07,4960,"5,001-10,000",3970,5.45,31209666
2025-03-07,4960,"10,001-15,000",993,2.16,12363433
2025-03-07,4960,"15,001-20,000",866,2.72,15556927
2025-03-07,4960,"20,001-30,000",675,2.99,17127309
2025-03-07,4960,"30,001-40,000",312,1.92,11025080
2025-03-07,4960,"40,001-50,000",210,1.67,9580652
2025-03-07,4960,"50,001-100,000",397,4.95,28324491
2025-03-07,4960,"100,001-200,000",178,4.32,24739194
2025-03-07,4960,"200,001-400,000",112,5.51,31551833
2025-03-07,4960,"400,001-600,000",31,2.68,15357040
2025-03-07,4960,"600,001-800,000",11,1.37,7842988
2025-03-07,4960,"800,001-1,000,000",17,2.63,15074473
2025-03-07,4960,"more than 1,000,001",63,54.67,312607360
2025-03-07,4960,差異數調整（說明4）,0,0.0,0
2025-03-07,4960,total,62051,100.0,571705388
2025-03-14,4960,1-999,41006,0.79,4557090
2025-03-14,4960,"1,000-5,000",14419,6.05,34615722
2025-03-14,4960,"5,001-10,000",3920,5.39,30824690
2025-03-14,4960,"10,001-15,000",981,2.13,12193075
2025-03-14,4960,"15,001-20,000",861,2.7,15464076
2025-03-14,4960,"20,001-30,000",662,2.93,16802023
2025-03-14,4960,"30,001-40,000",308,1.9,10879285
2025-03-14,4960,"40,001-50,000",205,1.63,9332531
2025-03-14,4960,"50,001-100,000",399,4.95,28347919
2025-03-14,4960,"100,001-200,000",176,4.31,24649265
2025-03-14,4960,"200,001-400,000",115,5.74,32834325
2025-03-14,4960,"400,001-600,000",32,2.79,15968143
2025-03-14,4960,"600,001-800,000",8,1.02,5865091
2025-03-14,4960,"800,001-1,000,000",17,2.63,15092473
2025-03-14,4960,"more than 1,000,001",64,54.97,314279680
2025-03-14,4960,差異數調整（說明4）,0,0.0,0
2025-03-14,4960,total,63173,100.0,571705388
2025-03-21,4960,1-999,42764,0.79,4544433
2025-03-21,4960,"1,000-5,000",14484,6.04,34555010
2025-03-21,4960,"5,001-10,000",3920,5.38,30792709
2025-03-21,4960,"10,001-15,000",980,2.13,12187546
2025-03-21,4960,"15,001-20,000",854,2.68,15337790
2025-03-21,4960,"20,001-30,000",658,2.92,16709898
2025-03-21,4960,"30,001-40,000",310,1.91,10929367
2025-03-21,4960,"40,001-50,000",206,1.64,9385411
2025-03-21,4960,"50,001-100,000",395,4.93,28190676
2025-03-21,4960,"100,001-200,000",174,4.25,24345265
2025-03-21,4960,"200,001-400,000",114,5.63,32228474
2025-03-21,4960,"400,001-600,000",35,3.0,17151641
2025-03-21,4960,"600,001-800,000",8,1.02,5854091
2025-03-21,4960,"800,001-1,000,000",18,2.81,16072765
2025-03-21,4960,"more than 1,000,001",62,54.82,313420312
2025-03-21,4960,差異數調整（說明4）,0,0.0,0
2025-03-21,4960,total,64982,100.0,571705388
2025-03-28,4960,1-999,44860,0.79,4541616
2025-03-28,4960,"1,000-5,000",14671,6.07,34745261
2025-03-28,4960,"5,001-10,000",3896,5.35,30611544
2025-03-28,4960,"10,001-15,000",976,2.12,12151311
2025-03-28,4960,"15,001-20,000",851,2.67,15287800
2025-03-28,4960,"20,001-30,000",655,2.91,16642251
2025-03-28,4960,"30,001-40,000",302,1.86,10634479
2025-03-28,4960,"40,001-50,000",208,1.65,9485296
2025-03-28,4960,"50,001-100,000",397,4.95,28312862
2025-03-28,4960,"100,001-200,000",173,4.22,24141293
2025-03-28,4960,"200,001-400,000",116,5.8,33184606
2025-03-28,4960,"400,001-600,000",31,2.65,15176547
2025-03-28,4960,"600,001-800,000",8,0.99,5697521
2025-03-28,4960,"800,001-1,000,000",18,2.8,16057765
2025-03-28,4960,"more than 1,000,001",63,55.1,315035236
2025-03-28,4960,差異數調整（說明4）,0,0.0,0
2025-03-28,4960,total,67225,100.0,571705388
2025-04-02,4960,1-999,44799,0.78,4511918
2025-04-02,4960,"1,000-5,000",14811,6.17,35282342
2025-04-02,4960,"5,001-10,000",3940,5.4,30921308
2025-04-02,4960,"10,001-15,000",1001,2.18,12494189
2025-04-02,4960,"15,001-20,000",851,2.67,15276484
2025-04-02,4960,"20,001-30,000",662,2.94,16827858
2025-04-02,4960,"30,001-40,000",308,1.89,10828281
2025-04-02,4960,"40,001-50,000",212,1.69,9680397
2025-04-02,4960,"50,001-100,000",398,4.92,28142672
2025-04-02,4960,"100,001-200,000",181,4.42,25300502
2025-04-02,4960,"200,001-400,000",112,5.61,32109860
2025-04-02,4960,"400,001-600,000",33,2.75,15766736
2025-04-02,4960,"600,001-800,000",11,1.34,7684967
2025-04-02,4960,"800,001-1,000,000",18,2.76,15781464
2025-04-02,4960,"more than 1,000,001",63,54.41,311096410
2025-04-02,4960,差異數調整（說明4）,0,0.0,0
2025-04-02,4960,total,67400,100.0,571705388
2025-04-11,4960,1-999,44927,0.79,4520142
2025-04-11,4960,"1,000-5,000",14642,6.09,34836206
2025-04-11,4960,"5,001-10,000",3895,5.34,30540065
2025-04-11,4960,"10,001-15,000",982,2.14,12244991
2025-04-11,4960,"15,001-20,000",847,2.65,15205785
2025-04-11,4960,"20,001-30,000",648,2.87,16437349
2025-04-11,4960,"30,001-40,000",305,1.87,10740505
2025-04-11,4960,"40,001-50,000",201,1.6,9168713
2025-04-11,4960,"50,001-100,000",396,4.9,28019279
2025-04-11,4960,"100,001-200,000",181,4.42,25279990
2025-04-11,4960,"200,001-400,000",107,5.36,30664575
2025-04-11,4960,"400,001-600,000",35,2.96,16950736
2025-04-11,4960,"600,001-800,000",14,1.72,9843842
2025-04-11,4960,"800,001-1,000,000",18,2.77,15888126
2025-04-11,4960,"more than 1,000,001",63,54.46,311365084
2025-04-11,4960,差異數調整（說明4）,0,0.0,0
2025-04-11,4960,total,67261,100.0,571705388
2025-04-18,4960,1-999,45043,0.78,4512751
2025-04-18,4960,"1,000-5,000",14603,6.07,34709711
2025-04-18,4960,"5,001-10,000",3913,5.36,30696735
2025-04-18,4960,"10,001-15,000",980,2.13,12210462
2025-04-18,4960,"15,001-20,000",850,2.66,15261645
2025-04-18,4960,"20,001-30,000",642,2.85,16307722
2025-04-18,4960,"30,001-40,000",308,1.89,10848551
2025-04-18,4960,"40,001-50,000",198,1.58,9048552
2025-04-18,4960,"50,001-100,000",400,4.94,28292951
2025-04-18,4960,"100,001-200,000",180,4.42,25319805
2025-04-18,4960,"200,001-400,000",107,5.37,30734575
2025-04-18,4960,"400,001-600,000",36,2.95,16906444
2025-04-18,4960,"600,001-800,000",12,1.45,8310847
2025-04-18,4960,"800,001-1,000,000",15,2.33,13349522
2025-04-18,4960,"more than 1,000,001",66,55.13,315195115
2025-04-18,4960,差異數調整（說明4）,0,0.0,0
2025-04-18,4960,total,67353,100.0,571705388
2025-04-25,4960,1-999,45138,0.78,4515235
2025-04-25,4960,"1,000-5,000",14512,6.03,34517199
2025-04-25,4960,"5,001-10,000",3887,5.33,30483552
2025-04-25,4960,"10,001-15,000",975,2.12,12155799
2025-04-25,4960,"15,001-20,000",844,2.64,15148748
2025-04-25,4960,"20,001-30,000",644,2.86,16357110
2025-04-25,4960,"30,001-40,000",306,1.88,10781312
2025-04-25,4960,"40,001-50,000",198,1.58,9040071
2025-04-25,4960,"50,001-100,000",396,4.89,27985225
2025-04-25,4960,"100,001-200,000",180,4.44,25395629
2025-04-25,4960,"200,001-400,000",111,5.56,31831882
2025-04-25,4960,"400,001-600,000",32,2.62,15032444
2025-04-25,4960,"600,001-800,000",11,1.32,7551620
2025-04-25,4960,"800,001-1,000,000",16,2.49,14290223
2025-04-25,4960,"more than 1,000,001",66,55.38,316619339
2025-04-25,4960,差異數調整（說明4）,0,0.0,0
2025-04-25,4960,total,67316,100.0,571705388
2025-05-02,4960,1-999,45128,0.78,4511167
2025-05-02,4960,"1,000-5,000",14442,6.0,34340462
2025-05-02,4960,"5,001-10,000",3881,5.32,30433366
2025-05-02,4960,"10,001-15,000",978,2.13,12187100
2025-05-02,4960,"15,001-20,000",840,2.63,15078758
2025-05-02,4960,"20,001-30,000",646,2.87,16415295
2025-05-02,4960,"30,001-40,000",302,1.86,10636076
2025-05-02,4960,"40,001-50,000",196,1.56,8951071
2025-05-02,4960,"50,001-100,000",396,4.9,28033225
2025-05-02,4960,"100,001-200,000",180,4.43,25383164
2025-05-02,4960,"200,001-400,000",112,5.63,32204347
2025-05-02,4960,"400,001-600,000",32,2.63,15089968
2025-05-02,4960,"600,001-800,000",12,1.43,8196620
2025-05-02,4960,"800,001-1,000,000",15,2.34,13421699
2025-05-02,4960,"more than 1,000,001",65,55.41,316823070
2025-05-02,4960,差異數調整（說明4）,0,0.0,0
2025-05-02,4960,total,67225,100.0,571705388
2025-05-09,4960,1-999,45156,0.78,4512361
2025-05-09,4960,"1,000-5,000",14331,5.95,34061735
2025-05-09,4960,"5,001-10,000",3863,5.3,30310459
2025-05-09,4960,"10,001-15,000",975,2.12,12142715
2025-05-09,4960,"15,001-20,000",835,2.62,14987751
2025-05-09,4960,"20,001-30,000",636,2.82,16149534
2025-05-09,4960,"30,001-40,000",300,1.84,10572569
2025-05-09,4960,"40,001-50,000",186,1.48,8463561
2025-05-09,4960,"50,001-100,000",399,4.93,28239916
2025-05-09,4960,"100,001-200,000",178,4.4,25181363
2025-05-09,4960,"200,001-400,000",116,5.88,33652048
2025-05-09,4960,"400,001-600,000",29,2.41,13797968
2025-05-09,4960,"600,001-800,000",11,1.34,7679019
2025-05-09,4960,"800,001-1,000,000",14,2.16,12388966
2025-05-09,4960,"more than 1,000,001",65,55.89,319565423
2025-05-09,4960,差異數調整（說明4）,0,0.0,0
2025-05-09,4960,total,67094,100.0,571705388
2025-05-16,4960,1-999,45178,0.78,4498319
2025-05-16,4960,"1,000-5,000",14279,5.93,33945910
2025-05-16,4960,"5,001-10,000",3851,5.28,30210718
2025-05-16,4960,"10,001-15,000",977,2.12,12169309
2025-05-16,4960,"15,001-20,000",826,2.59,14826587
2025-05-16,4960,"20,001-30,000",634,2.81,16096040
2025-05-16,4960,"30,001-40,000",295,1.81,10402983
2025-05-16,4960,"40,001-50,000",190,1.51,8670952
2025-05-16,4960,"50,001-100,000",395,4.9,28063191
2025-05-16,4960,"100,001-200,000",176,4.32,24733852
2025-05-16,4960,"200,001-400,000",117,5.91,33819864
2025-05-16,4960,"400,001-600,000",29,2.4,13738968
2025-05-16,4960,"600,001-800,000",11,1.32,7602401
2025-05-16,4960,"800,001-1,000,000",14,2.15,12323584
2025-05-16,4960,"more than 1,000,001",63,56.07,320602710
2025-05-16,4960,差異數調整（說明4）,0,0.0,0
2025-05-16,4960,total,67035,100.0,571705388
2025-05-23,4960,1-999,45190,0.78,4493422
2025-05-23,4960,"1,000-5,000",14191,5.9,33774909
2025-05-23,4960,"5,001-10,000",3811,5.23,29902330
2025-05-23,4960,"10,001-15,000",962,2.09,11965052
2025-05-23,4960,"15,001-20,000",819,2.57,14706503
2025-05-23,4960,"20,001-30,000",632,2.8,16045171
2025-05-23,4960,"30,001-40,000",291,1.79,10261991
2025-05-23,4960,"40,001-50,000",190,1.51,8665804
2025-05-23,4960,"50,001-100,000",394,4.89,27978435
2025-05-23,4960,"100,001-200,000",174,4.29,24531379
2025-05-23,4960,"200,001-400,000",112,5.61,32088101
2025-05-23,4960,"400,001-600,000",33,2.72,15551108
2025-05-23,4960,"600,001-800,000",9,1.14,6531950
2025-05-23,4960,"800,001-1,000,000",16,2.45,14011420
2025-05-23,4960,"more than 1,000,001",64,56.18,321197813
2025-05-23,4960,差異數調整（說明4）,0,0.0,0
2025-05-23,4960,total,66888,100.0,571705388
2025-05-29,4960,1-999,45217,0.78,4496470
2025-05-29,4960,"1,000-5,000",14133,5.89,33673576
2025-05-29,4960,"5,001-10,000",3782,5.18,29665367
2025-05-29,4960,"10,001-15,000",953,2.07,11862831
2025-05-29,4960,"15,001-20,000",814,2.55,14617959
2025-05-29,4960,"20,001-30,000",630,2.79,15982010
2025-05-29,4960,"30,001-40,000",291,1.79,10252617
2025-05-29,4960,"40,001-50,000",191,1.52,8714489
2025-05-29,4960,"50,001-100,000",394,4.92,28180014
2025-05-29,4960,"100,001-200,000",175,4.33,24796671
2025-05-29,4960,"200,001-400,000",108,5.42,31001593
2025-05-29,4960,"400,001-600,000",34,2.81,16097608
2025-05-29,4960,"600,001-800,000",8,0.99,5664999
2025-05-29,4960,"800,001-1,000,000",16,2.43,13925371
2025-05-29,4960,"more than 1,000,001",64,56.45,322773813
2025-05-29,4960,差異數調整（說明4）,0,0.0,0
2025-05-29,4960,total,66810,100.0,571705388
2025-06-06,4960,1-999,45280,0.78,4493709
2025-06-06,4960,"1,000-5,000",14064,5.85,33484938
2025-06-06,4960,"5,001-10,000",3780,5.17,29612687
2025-06-06,4960,"10,001-15,000",949,2.06,11812620
2025-06-06,4960,"15,001-20,000",813,2.55,14604414
2025-06-06,4960,"20,001-30,000",623,2.76,15808072
2025-06-06,4960,"30,001-40,000",296,1.82,10439815
2025-06-06,4960,"40,001-50,000",192,1.53,8761757
2025-06-06,4960,"50,001-100,000",390,4.87,27844221
2025-06-06,4960,"100,001-200,000",179,4.45,25442620
2025-06-06,4960,"200,001-400,000",104,5.21,29793593
2025-06-06,4960,"400,001-600,000",36,3.0,17154389
2025-06-06,4960,"600,001-800,000",7,0.87,5022218
2025-06-06,4960,"800,001-1,000,000",15,2.27,12998371
2025-06-06,4960,"more than 1,000,001",63,56.74,324431964
2025-06-06,4960,差異數調整（說明4）,0,0.0,0
2025-06-06,4960,total,66791,100.0,571705388
2025-06-13,4960,1-999,45239,0.78,4469276
2025-06-13,4960,"1,000-5,000",14060,5.84,33436345
2025-06-13,4960,"5,001-10,000",3765,5.16,29502658
2025-06-13,4960,"10,001-15,000",940,2.04,11700510
2025-06-13,4960,"15,001-20,000",808,2.53,14494953
2025-06-13,4960,"20,001-30,000",622,2.76,15807022
2025-06-13,4960,"30,001-40,000",289,1.78,10196388
2025-06-13,4960,"40,001-50,000",197,1.57,8998700
2025-06-13,4960,"50,001-100,000",391,4.9,28041867
2025-06-13,4960,"100,001-200,000",169,4.11,23529802
2025-06-13,4960,"200,001-400,000",109,5.4,30922656
2025-06-13,4960,"400,001-600,000",35,2.93,16806389
2025-06-13,4960,"600,001-800,000",6,0.76,4393218
2025-06-13,4960,"800,001-1,000,000",15,2.27,13027371
2025-06-13,4960,"more than 1,000,001",62,57.08,326378233
2025-06-13,4960,差異數調整（說明4）,0,0.0,0
2025-06-13,4960,total,66707,100.0,571705388
2025-06-20,4960,1-999,45262,0.78,4469255
2025-06-20,4960,"1,000-5,000",13921,5.79,33113950
2025-06-20,4960,"5,001-10,000",3741,5.12,29320593
2025-06-20,4960,"10,001-15,000",940,2.04,11706120
2025-06-20,4960,"15,001-20,000",801,2.51,14361368
2025-06-20,4960,"20,001-30,000",619,2.75,15742161
2025-06-20,4960,"30,001-40,000",287,1.76,10110536
2025-06-20,4960,"40,001-50,000",194,1.54,8847665
2025-06-20,4960,"50,001-100,000",388,4.87,27844507
2025-06-20,4960,"100,001-200,000",167,4.09,23427090
2025-06-20,4960,"200,001-400,000",105,5.21,29797202
2025-06-20,4960,"400,001-600,000",36,2.98,17065389
2025-06-20,4960,"600,001-800,000",5,0.62,3593218
2025-06-20,4960,"800,001-1,000,000",17,2.57,14740371
2025-06-20,4960,"more than 1,000,001",60,57.29,327565963
2025-06-20,4960,差異數調整（說明4）,0,0.0,0
2025-06-20,4960,total,66543,100.0,571705388
2025-06-27,4960,1-999,45287,0.78,4469139
2025-06-27,4960,"1,000-5,000",13806,5.74,32840618
2025-06-27,4960,"5,001-10,000",3722,5.1,29184887
2025-06-27,4960,"10,001-15,000",936,2.03,11643557
2025-06-27,4960,"15,001-20,000",794,2.48,14233872
2025-06-27,4960,"20,001-30,000",620,2.75,15767244
2025-06-27,4960,"30,001-40,000",281,1.72,9879919
2025-06-27,4960,"40,001-50,000",193,1.53,8795735
2025-06-27,4960,"50,001-100,000",387,4.87,27897024
2025-06-27,4960,"100,001-200,000",162,4.02,23027354
2025-06-27,4960,"200,001-400,000",104,5.18,29668480
2025-06-27,4960,"400,001-600,000",34,2.83,16212007
2025-06-27,4960,"600,001-800,000",6,0.76,4348218
2025-06-27,4960,"800,001-1,000,000",15,2.22,12713972
2025-06-27,4960,"more than 1,000,001",60,57.9,331023362
2025-06-27,4960,差異數調整（說明4）,0,0.0,0
2025-06-27,4960,total,66407,100.0,571705388
2025-07-04,4960,1-999,45301,0.78,4472973
2025-07-04,4960,"1,000-5,000",13740,5.72,32714730
2025-07-04,4960,"5,001-10,000",3687,5.05,28918203
2025-07-04,4960,"10,001-15,000",930,2.02,11567059
2025-07-04,4960,"15,001-20,000",785,2.46,14081929
2025-07-04,4960,"20,001-30,000",614,2.72,15598810
2025-07-04,4960,"30,001-40,000",278,1.7,9775014
2025-07-04,4960,"40,001-50,000",193,1.53,8804256
2025-07-04,4960,"50,001-100,000",387,4.87,27871268
2025-07-04,4960,"100,001-200,000",159,3.93,22475669
2025-07-04,4960,"200,001-400,000",104,5.17,29567926
2025-07-04,4960,"400,001-600,000",35,2.9,16608007
2025-07-04,4960,"600,001-800,000",9,1.12,6409218
2025-07-04,4960,"800,001-1,000,000",17,2.54,14568371
2025-07-04,4960,"more than 1,000,001",57,57.41,328271955
2025-07-04,4960,差異數調整（說明4）,0,0.0,0
2025-07-04,4960,total,66296,100.0,571705388
2025-07-11,4960,1-999,45302,0.78,4467974
2025-07-11,4960,"1,000-5,000",13615,5.67,32450344
2025-07-11,4960,"5,001-10,000",3643,4.99,28572538
2025-07-11,4960,"10,001-15,000",900,1.95,11198846
2025-07-11,4960,"15,001-20,000",775,2.43,13907449
2025-07-11,4960,"20,001-30,000",606,2.68,15373763
2025-07-11,4960,"30,001-40,000",279,1.71,9828944
2025-07-11,4960,"40,001-50,000",190,1.51,8638841
2025-07-11,4960,"50,001-100,000",381,4.78,27377121
2025-07-11,4960,"100,001-200,000",166,4.14,23708631
2025-07-11,4960,"200,001-400,000",96,4.8,27479039
2025-07-11,4960,"400,001-600,000",35,2.92,16696354
2025-07-11,4960,"600,001-800,000",7,0.88,5052218
2025-07-11,4960,"800,001-1,000,000",15,2.22,12705371
2025-07-11,4960,"more than 1,000,001",60,58.46,334247955
2025-07-11,4960,差異數調整（說明4）,0,0.0,0
2025-07-11,4960,total,66070,100.0,571705388
2025-07-18,4960,1-999,45267,0.78,4459565
2025-07-18,4960,"1,000-5,000",13523,5.64,32286756
2025-07-18,4960,"5,001-10,000",3617,4.96,28379844
2025-07-18,4960,"10,001-15,000",903,1.96,11226678
2025-07-18,4960,"15,001-20,000",773,2.42,13881043
2025-07-18,4960,"20,001-30,000",604,2.68,15333259
2025-07-18,4960,"30,001-40,000",272,1.67,9563705
2025-07-18,4960,"40,001-50,000",189,1.5,8609710
2025-07-18,4960,"50,001-100,000",378,4.75,27165761
2025-07-18,4960,"100,001-200,000",169,4.23,24234830
2025-07-18,4960,"200,001-400,000",96,4.8,27457563
2025-07-18,4960,"400,001-600,000",33,2.79,15992830
2025-07-18,4960,"600,001-800,000",7,0.88,5052218
2025-07-18,4960,"800,001-1,000,000",15,2.22,12719371
2025-07-18,4960,"more than 1,000,001",60,58.65,335342255
2025-07-18,4960,差異數調整（說明4）,0,0.0,0
2025-07-18,4960,total,65906,100.0,571705388
2025-07-25,4960,1-999,45260,0.77,4459280
2025-07-25,4960,"1,000-5,000",13430,5.61,32094698
2025-07-25,4960,"5,001-10,000",3571,4.88,27955786
2025-07-25,4960,"10,001-15,000",895,1.94,11128776
2025-07-25,4960,"15,001-20,000",767,2.4,13770072
2025-07-25,4960,"20,001-30,000",604,2.68,15332915
2025-07-25,4960,"30,001-40,000",270,1.65,9476120
2025-07-25,4960,"40,001-50,000",188,1.49,8552328
2025-07-25,4960,"50,001-100,000",379,4.76,27226635
2025-07-25,4960,"100,001-200,000",166,4.14,23717684
2025-07-25,4960,"200,001-400,000",98,4.87,27857808
2025-07-25,4960,"400,001-600,000",34,2.86,16388014
2025-07-25,4960,"600,001-800,000",7,0.87,4988818
2025-07-25,4960,"800,001-1,000,000",15,2.23,12765371
2025-07-25,4960,"more than 1,000,001",60,58.76,335991083
2025-07-25,4960,差異數調整（說明4）,0,0.0,0
2025-07-25,4960,total,65744,100.0,571705388
2025-08-01,4960,1-999,45289,0.77,4459250
2025-08-01,4960,"1,000-5,000",13342,5.57,31879055
2025-08-01,4960,"5,001-10,000",3553,4.86,27790831
2025-08-01,4960,"10,001-15,000",893,1.94,11094889
2025-08-01,4960,"15,001-20,000",760,2.38,13639270
2025-08-01,4960,"20,001-30,000",602,2.67,15269237
2025-08-01,4960,"30,001-40,000",269,1.65,9454515
2025-08-01,4960,"40,001-50,000",186,1.48,8465323
2025-08-01,4960,"50,001-100,000",376,4.71,26934151
2025-08-01,4960,"100,001-200,000",161,3.97,22696983
2025-08-01,4960,"200,001-400,000",105,5.22,29859278
2025-08-01,4960,"400,001-600,000",34,2.84,16239014
2025-08-01,4960,"600,001-800,000",6,0.78,4511138
2025-08-01,4960,"800,001-1,000,000",15,2.23,12764371
2025-08-01,4960,"more than 1,000,001",60,58.88,336648083
2025-08-01,4960,差異數調整（說明4）,0,0.0,0
2025-08-01,4960,total,65651,100.0,571705388
2025-08-08,4960,1-999,45309,0.77,4456201
2025-08-08,4960,"1,000-5,000",13174,5.51,31508912
2025-08-08,4960,"5,001-10,000",3511,4.8,27451153
2025-08-08,4960,"10,001-15,000",885,1.92,10995924
2025-08-08,4960,"15,001-20,000",759,2.38,13622828
2025-08-08,4960,"20,001-30,000",595,2.63,15088546
2025-08-08,4960,"30,001-40,000",274,1.68,9630683
2025-08-08,4960,"40,001-50,000",183,1.45,8331289
2025-08-08,4960,"50,001-100,000",375,4.68,26807200
2025-08-08,4960,"100,001-200,000",163,4.06,23254266
2025-08-08,4960,"200,001-400,000",97,4.86,27788741
2025-08-08,4960,"400,001-600,000",35,2.9,16610341
2025-08-08,4960,"600,001-800,000",6,0.79,4531138
2025-08-08,4960,"800,001-1,000,000",16,2.4,13730154
2025-08-08,4960,"more than 1,000,001",61,59.1,337898012
2025-08-08,4960,差異數調整（說明4）,0,0.0,0
2025-08-08,4960,total,65443,100.0,571705388
2025-08-15,4960,1-999,45275,0.77,4439837
2025-08-15,4960,"1,000-5,000",12952,5.42,31002203
2025-08-15,4960,"5,001-10,000",3474,4.75,27171123
2025-08-15,4960,"10,001-15,000",880,1.91,10930035
2025-08-15,4960,"15,001-20,000",750,2.35,13459085
2025-08-15,4960,"20,001-30,000",585,2.59,14861204
2025-08-15,4960,"30,001-40,000",265,1.62,9309823
2025-08-15,4960,"40,001-50,000",187,1.49,8548050
2025-08-15,4960,"50,001-100,000",358,4.48,25619484
2025-08-15,4960,"100,001-200,000",163,4.04,23116082
2025-08-15,4960,"200,001-400,000",95,4.75,27195810
2025-08-15,4960,"400,001-600,000",30,2.53,14495233
2025-08-15,4960,"600,001-800,000",8,1.07,6142033
2025-08-15,4960,"800,001-1,000,000",20,3.02,17316150
2025-08-15,4960,"more than 1,000,001",60,59.13,338099236
2025-08-15,4960,差異數調整（說明4）,0,0.0,0
2025-08-15,4960,total,65102,100.0,571705388
2025-08-22,4960,1-999,45199,0.76,4393807
2025-08-22,4960,"1,000-5,000",12884,5.39,30824036
2025-08-22,4960,"5,001-10,000",3450,4.72,27010661
2025-08-22,4960,"10,001-15,000",856,1.86,10657040
2025-08-22,4960,"15,001-20,000",752,2.35,13489007
2025-08-22,4960,"20,001-30,000",578,2.55,14593253
2025-08-22,4960,"30,001-40,000",271,1.66,9535744
2025-08-22,4960,"40,001-50,000",194,1.55,8866606
2025-08-22,4960,"50,001-100,000",356,4.42,25287252
2025-08-22,4960,"100,001-200,000",168,4.17,23892133
2025-08-22,4960,"200,001-400,000",91,4.48,25636642
2025-08-22,4960,"400,001-600,000",28,2.34,13384428
2025-08-22,4960,"600,001-800,000",9,1.17,6744738
2025-08-22,4960,"800,001-1,000,000",20,3.03,17333305
2025-08-22,4960,"more than 1,000,001",58,59.48,340056736
2025-08-22,4960,差異數調整（說明4）,0,0.0,0
2025-08-22,4960,total,64914,100.0,571705388
2025-08-29,4960,1-999,45191,0.76,4384864
2025-08-29,4960,"1,000-5,000",12796,5.35,30590438
2025-08-29,4960,"5,001-10,000",3453,4.72,27017280
2025-08-29,4960,"10,001-15,000",859,1.86,10678697
2025-08-29,4960,"15,001-20,000",754,2.36,13533229
2025-08-29,4960,"20,001-30,000",581,2.56,14661719
2025-08-29,4960,"30,001-40,000",273,1.68,9618706
2025-08-29,4960,"40,001-50,000",204,1.62,9317841
2025-08-29,4960,"50,001-100,000",355,4.42,25310499
2025-08-29,4960,"100,001-200,000",170,4.24,24252644
2025-08-29,4960,"200,001-400,000",87,4.34,24855076
2025-08-29,4960,"400,001-600,000",30,2.5,14300504
2025-08-29,4960,"600,001-800,000",6,0.76,4394938
2025-08-29,4960,"800,001-1,000,000",18,2.73,15610479
2025-08-29,4960,"more than 1,000,001",60,60.02,343178474
2025-08-29,4960,差異數調整（說明4）,0,0.0,0
2025-08-29,4960,total,64837,100.0,571705388
2025-09-05,4960,1-999,45207,0.76,4383242
2025-09-05,4960,"1,000-5,000",12723,5.31,30412184
2025-09-05,4960,"5,001-10,000",3444,4.71,26963697
2025-09-05,4960,"10,001-15,000",861,1.87,10719285
2025-09-05,4960,"15,001-20,000",747,2.34,13408790
2025-09-05,4960,"20,001-30,000",578,2.55,14591119
2025-09-05,4960,"30,001-40,000",270,1.66,9525570
2025-09-05,4960,"40,001-50,000",198,1.57,9025905
2025-09-05,4960,"50,001-100,000",357,4.46,25541482
2025-09-05,4960,"100,001-200,000",170,4.21,24073498
2025-09-05,4960,"200,001-400,000",92,4.6,26354498
2025-09-05,4960,"400,001-600,000",29,2.44,13980228
2025-09-05,4960,"600,001-800,000",5,0.66,3785938
2025-09-05,4960,"800,001-1,000,000",18,2.74,15670479
2025-09-05,4960,"more than 1,000,001",61,60.04,343269473
2025-09-05,4960,差異數調整（說明4）,0,0.0,0
2025-09-05,4960,total,64760,100.0,571705388
2025-09-12,4960,1-999,45190,0.76,4368119
2025-09-12,4960,"1,000-5,000",12653,5.29,30250333
2025-09-12,4960,"5,001-10,000",3422,4.68,26783754
2025-09-12,4960,"10,001-15,000",862,1.87,10741264
2025-09-12,4960,"15,001-20,000",745,2.33,13357235
2025-09-12,4960,"20,001-30,000",581,2.56,14689556
2025-09-12,4960,"30,001-40,000",258,1.59,9113759
2025-09-12,4960,"40,001-50,000",200,1.59,9130015
2025-09-12,4960,"50,001-100,000",359,4.47,25602547
2025-09-12,4960,"100,001-200,000",173,4.28,24495308
2025-09-12,4960,"200,001-400,000",89,4.48,25624322
2025-09-12,4960,"400,001-600,000",30,2.51,14373502
2025-09-12,4960,"600,001-800,000",6,0.77,4448338
2025-09-12,4960,"800,001-1,000,000",18,2.77,15859618
2025-09-12,4960,"more than 1,000,001",62,59.97,342867718
2025-09-12,4960,差異數調整（說明4）,0,0.0,0
2025-09-12,4960,total,64648,100.0,571705388
2025-09-19,4960,1-999,45192,0.76,4346527
2025-09-19,4960,"1,000-5,000",12551,5.23,29939541
2025-09-19,4960,"5,001-10,000",3380,4.61,26400089
2025-09-19,4960,"10,001-15,000",841,1.83,10467542
2025-09-19,4960,"15,001-20,000",751,2.35,13486521
2025-09-19,4960,"20,001-30,000",572,2.53,14520081
2025-09-19,4960,"30,001-40,000",251,1.55,8863734
2025-09-19,4960,"40,001-50,000",192,1.53,8804039
2025-09-19,4960,"50,001-100,000",355,4.43,25359172
2025-09-19,4960,"100,001-200,000",170,4.17,23858648
2025-09-19,4960,"200,001-400,000",87,4.24,24281667
2025-09-19,4960,"400,001-600,000",32,2.7,15440042
2025-09-19,4960,"600,001-800,000",6,0.8,4622338
2025-09-19,4960,"800,001-1,000,000",16,2.42,13849618
2025-09-19,4960,"more than 1,000,001",64,60.77,347465829
2025-09-19,4960,差異數調整（說明4）,0,0.0,0
2025-09-19,4960,total,64460,100.0,571705388
2025-09-26,4960,1-999,45178,0.75,4318965
2025-09-26,4960,"1,000-5,000",12488,5.2,29753172
2025-09-26,4960,"5,001-10,000",3389,4.63,26495452
2025-09-26,4960,"10,001-15,000",838,1.82,10456157
2025-09-26,4960,"15,001-20,000",749,2.35,13451249
2025-09-26,4960,"20,001-30,000",569,2.52,14410511
2025-09-26,4960,"30,001-40,000",259,1.59,9145304
2025-09-26,4960,"40,001-50,000",186,1.48,8513227
2025-09-26,4960,"50,001-100,000",347,4.3,24639684
2025-09-26,4960,"100,001-200,000",175,4.31,24665208
2025-09-26,4960,"200,001-400,000",83,4.1,23493574
2025-09-26,4960,"400,001-600,000",34,2.85,16320357
2025-09-26,4960,"600,001-800,000",8,1.02,5833554
2025-09-26,4960,"800,001-1,000,000",13,1.95,11200802
2025-09-26,4960,"more than 1,000,001",66,61.04,349008172
2025-09-26,4960,差異數調整（說明4）,0,0.0,0
2025-09-26,4960,total,64382,100.0,571705388
2025-10-03,4960,1-999,45163,0.75,4304257
2025-10-03,4960,"1,000-5,000",12514,5.21,29813576
2025-10-03,4960,"5,001-10,000",3391,4.64,26542046
2025-10-03,4960,"10,001-15,000",844,1.84,10528671
2025-10-03,4960,"15,001-20,000",752,2.36,13508441
2025-10-03,4960,"20,001-30,000",570,2.52,14411305
2025-10-03,4960,"30,001-40,000",260,1.6,9188775
2025-10-03,4960,"40,001-50,000",189,1.51,8645227
2025-10-03,4960,"50,001-100,000",344,4.28,24510424
2025-10-03,4960,"100,001-200,000",172,4.24,24294213
2025-10-03,4960,"200,001-400,000",85,4.22,24140868
2025-10-03,4960,"400,001-600,000",33,2.78,15920058
2025-10-03,4960,"600,001-800,000",8,1.03,5910554
2025-10-03,4960,"800,001-1,000,000",13,1.95,11202802
2025-10-03,4960,"more than 1,000,001",66,61.0,348784171
2025-10-03,4960,差異數調整（說明4）,0,0.0,0
2025-10-03,4960,total,64404,100.0,571705388
2025-10-09,4960,1-999,45166,0.75,4293414
2025-10-09,4960,"1,000-5,000",12401,5.16,29501802
2025-10-09,4960,"5,001-10,000",3331,4.55,26036270
2025-10-09,4960,"10,001-15,000",829,1.8,10345795
2025-10-09,4960,"15,001-20,000",741,2.32,13319866
2025-10-09,4960,"20,001-30,000",561,2.48,14198704
2025-10-09,4960,"30,001-40,000",256,1.57,9025488
2025-10-09,4960,"40,001-50,000",185,1.48,8475819
2025-10-09,4960,"50,001-100,000",345,4.28,24525424
2025-10-09,4960,"100,001-200,000",167,4.1,23484208
2025-10-09,4960,"200,001-400,000",84,4.23,24230689
2025-10-09,4960,"400,001-600,000",29,2.41,13807242
2025-10-09,4960,"600,001-800,000",6,0.78,4498554
2025-10-09,4960,"800,001-1,000,000",13,1.95,11197802
2025-10-09,4960,"more than 1,000,001",63,62.05,354764311
2025-10-09,4960,差異數調整（說明4）,0,0.0,0
2025-10-09,4960,total,64177,100.0,571705388
2025-10-17,4960,1-999,45142,0.74,4270010
2025-10-17,4960,"1,000-5,000",12430,5.17,29565186
2025-10-17,4960,"5,001-10,000",3346,4.57,26146193
2025-10-17,4960,"10,001-15,000",828,1.8,10330465
2025-10-17,4960,"15,001-20,000",735,2.3,13205540
2025-10-17,4960,"20,001-30,000",560,2.48,14230224
2025-10-17,4960,"30,001-40,000",259,1.6,9157526
2025-10-17,4960,"40,001-50,000",189,1.51,8648644
2025-10-17,4960,"50,001-100,000",360,4.47,25559088
2025-10-17,4960,"100,001-200,000",166,4.07,23269352
2025-10-17,4960,"200,001-400,000",83,4.17,23861557
2025-10-17,4960,"400,001-600,000",30,2.53,14481242
2025-10-17,4960,"600,001-800,000",6,0.74,4284434
2025-10-17,4960,"800,001-1,000,000",13,1.96,11225802
2025-10-17,4960,"more than 1,000,001",62,61.82,353470125
2025-10-17,4960,差異數調整（說明4）,0,0.0,0
2025-10-17,4960,total,64209,100.0,571705388
2025-10-23,4960,1-999,45116,0.74,4256615
2025-10-23,4960,"1,000-5,000",12369,5.14,29426144
2025-10-23,4960,"5,001-10,000",3332,4.55,26054736
2025-10-23,4960,"10,001-15,000",824,1.79,10272253
2025-10-23,4960,"15,001-20,000",738,2.32,13266477
2025-10-23,4960,"20,001-30,000",558,2.47,14172494
2025-10-23,4960,"30,001-40,000",262,1.61,9261497
2025-10-23,4960,"40,001-50,000",186,1.48,8511943
2025-10-23,4960,"50,001-100,000",356,4.4,25205718
2025-10-23,4960,"100,001-200,000",167,4.1,23440352
2025-10-23,4960,"200,001-400,000",80,3.99,22856683
2025-10-23,4960,"400,001-600,000",33,2.76,15807116
2025-10-23,4960,"600,001-800,000",6,0.75,4294434
2025-10-23,4960,"800,001-1,000,000",13,1.96,11225802
2025-10-23,4960,"more than 1,000,001",62,61.85,353653124
2025-10-23,4960,差異數調整（說明4）,0,0.0,0
2025-10-23,4960,total,64102,100.0,571705388
2025-10-31,4960,1-999,45127,0.74,4241568
2025-10-31,4960,"1,000-5,000",12312,5.12,29294657
2025-10-31,4960,"5,001-10,000",3309,4.52,25863499
2025-10-31,4960,"10,001-15,000",828,1.8,10301195
2025-10-31,4960,"15,001-20,000",750,2.35,13469714
2025-10-31,4960,"20,001-30,000",562,2.48,14229446
2025-10-31,4960,"30,001-40,000",270,1.66,9516264
2025-10-31,4960,"40,001-50,000",185,1.48,8471954
2025-10-31,4960,"50,001-100,000",369,4.59,26282888
2025-10-31,4960,"100,001-200,000",170,4.16,23826213
2025-10-31,4960,"200,001-400,000",81,4.06,23267070
2025-10-31,4960,"400,001-600,000",30,2.5,14329116
2025-10-31,4960,"600,001-800,000",7,0.87,5005434
2025-10-31,4960,"800,001-1,000,000",13,1.96,11225802
2025-10-31,4960,"more than 1,000,001",62,61.63,352380568
2025-10-31,4960,差異數調整（說明4）,0,0.0,0
2025-10-31,4960,total,64075,100.0,571705388
2025-11-07,4960,1-999,45157,0.73,4228956
2025-11-07,4960,"1,000-5,000",12272,5.11,29218309
2025-11-07,4960,"5,001-10,000",3308,4.52,25865471
2025-11-07,4960,"10,001-15,000",818,1.78,10188980
2025-11-07,4960,"15,001-20,000",745,2.33,13368474
2025-11-07,4960,"20,001-30,000",562,2.49,14248515
2025-11-07,4960,"30,001-40,000",270,1.66,9508618
2025-11-07,4960,"40,001-50,000",187,1.49,8554582
2025-11-07,4960,"50,001-100,000",368,4.61,26361278
2025-11-07,4960,"100,001-200,000",170,4.21,24103782
2025-11-07,4960,"200,001-400,000",80,3.98,22787794
2025-11-07,4960,"400,001-600,000",31,2.58,14767576
2025-11-07,4960,"600,001-800,000",7,0.89,5092917
2025-11-07,4960,"800,001-1,000,000",13,1.96,11225802
2025-11-07,4960,"more than 1,000,001",61,61.6,352184334
2025-11-07,4960,差異數調整（說明4）,0,0.0,0
2025-11-07,4960,total,64049,100.0,571705388
2025-11-14,4960,1-999,45192,0.73,4213705
2025-11-14,4960,"1,000-5,000",12211,5.08,29063595
2025-11-14,4960,"5,001-10,000",3294,4.5,25738294
2025-11-14,4960,"10,001-15,000",814,1.77,10148525
2025-11-14,4960,"15,001-20,000",738,2.31,13233778
2025-11-14,4960,"20,001-30,000",571,2.53,14503387
2025-11-14,4960,"30,001-40,000",266,1.64,9380176
2025-11-14,4960,"40,001-50,000",183,1.46,8352322
2025-11-14,4960,"50,001-100,000",365,4.58,26217931
2025-11-14,4960,"100,001-200,000",172,4.26,24405048
2025-11-14,4960,"200,001-400,000",79,3.95,22607326
2025-11-14,4960,"400,001-600,000",32,2.67,15282392
2025-11-14,4960,"600,001-800,000",6,0.76,4351434
2025-11-14,4960,"800,001-1,000,000",15,2.26,12967626
2025-11-14,4960,"more than 1,000,001",60,61.43,351239849
2025-11-14,4960,差異數調整（說明4）,0,0.0,0
2025-11-14,4960,total,63998,100.0,571705388
2025-11-21,4960,1-999,45310,0.73,4193642
2025-11-21,4960,"1,000-5,000",12189,5.07,29013770
2025-11-21,4960,"5,001-10,000",3282,4.48,25621723
2025-11-21,4960,"10,001-15,000",808,1.76,10065434
2025-11-21,4960,"15,001-20,000",748,2.34,13430957
2025-11-21,4960,"20,001-30,000",562,2.49,14242162
2025-11-21,4960,"30,001-40,000",272,1.67,9604498
2025-11-21,4960,"40,001-50,000",184,1.47,8405325
2025-11-21,4960,"50,001-100,000",363,4.56,26073848
2025-11-21,4960,"100,001-200,000",174,4.33,24756960
2025-11-21,4960,"200,001-400,000",82,4.08,23379573
2025-11-21,4960,"400,001-600,000",30,2.49,14248576
2025-11-21,4960,"600,001-800,000",8,0.98,5635513
2025-11-21,4960,"800,001-1,000,000",14,2.12,12159154
2025-11-21,4960,"more than 1,000,001",58,61.37,350874253
2025-11-21,4960,差異數調整（說明4）,0,0.0,0
2025-11-21,4960,total,64084,100.0,571705388
2025-11-28,4960,1-999,45352,0.73,4181544
2025-11-28,4960,"1,000-5,000",12172,5.07,28996057
2025-11-28,4960,"5,001-10,000",3283,4.48,25620815
2025-11-28,4960,"10,001-15,000",808,1.75,10054944
2025-11-28,4960,"15,001-20,000",742,2.33,13320867
2025-11-28,4960,"20,001-30,000",562,2.49,14240925
2025-11-28,4960,"30,001-40,000",275,1.69,9697897
2025-11-28,4960,"40,001-50,000",181,1.44,8280878
2025-11-28,4960,"50,001-100,000",366,4.59,26252835
2025-11-28,4960,"100,001-200,000",173,4.32,24744699
2025-11-28,4960,"200,001-400,000",82,4.06,23222606
2025-11-28,4960,"400,001-600,000",32,2.69,15399052
2025-11-28,4960,"600,001-800,000",6,0.77,4449037
2025-11-28,4960,"800,001-1,000,000",13,1.96,11225802
2025-11-28,4960,"more than 1,000,001",59,61.57,352017430
2025-11-28,4960,差異數調整（說明4）,0,0.0,0
2025-11-28,4960,total,64106,100.0,571705388
2025-12-05,4960,1-999,45400,0.72,4170154
2025-12-05,4960,"1,000-5,000",12129,5.05,28874789
2025-12-05,4960,"5,001-10,000",3279,4.47,25586658
2025-12-05,4960,"10,001-15,000",807,1.75,10027228
2025-12-05,4960,"15,001-20,000",740,2.32,13293358
2025-12-05,4960,"20,001-30,000",558,2.47,14135232
2025-12-05,4960,"30,001-40,000",273,1.68,9626481
2025-12-05,4960,"40,001-50,000",184,1.47,8427818
2025-12-05,4960,"50,001-100,000",367,4.62,26444031
2025-12-05,4960,"100,001-200,000",172,4.3,24621732
2025-12-05,4960,"200,001-400,000",81,4.02,22995573
2025-12-05,4960,"400,001-600,000",32,2.67,15315052
2025-12-05,4960,"600,001-800,000",4,0.52,2981338
2025-12-05,4960,"800,001-1,000,000",16,2.41,13827866
2025-12-05,4960,"more than 1,000,001",58,61.46,351378078
2025-12-05,4960,差異數調整（說明4）,0,0.0,0
2025-12-05,4960,total,64100,100.0,571705388
2025-12-12,4960,1-999,45449,0.72,4152037
2025-12-12,4960,"1,000-5,000",12102,5.03,28803857
2025-12-12,4960,"5,001-10,000",3266,4.46,25499110
2025-12-12,4960,"10,001-15,000",803,1.74,9992873
2025-12-12,4960,"15,001-20,000",738,2.31,13256870
2025-12-12,4960,"20,001-30,000",555,2.46,14070104
2025-12-12,4960,"30,001-40,000",267,1.64,9412307
2025-12-12,4960,"40,001-50,000",175,1.4,8004656
2025-12-12,4960,"50,001-100,000",368,4.61,26391366
2025-12-12,4960,"100,001-200,000",173,4.35,24917209
2025-12-12,4960,"200,001-400,000",78,3.87,22176573
2025-12-12,4960,"400,001-600,000",32,2.64,15144456
2025-12-12,4960,"600,001-800,000",5,0.62,3594934
2025-12-12,4960,"800,001-1,000,000",16,2.43,13939905
2025-12-12,4960,"more than 1,000,001",59,61.63,352349131
2025-12-12,4960,差異數調整（說明4）,0,0.0,0
2025-12-12,4960,total,64086,100.0,571705388
2025-12-19,4960,1-999,45548,0.72,4151583
2025-12-19,4960,"1,000-5,000",12083,5.03,28779239
2025-12-19,4960,"5,001-10,000",3245,4.42,25307520
2025-12-19,4960,"10,001-15,000",801,1.74,9965477
2025-12-19,4960,"15,001-20,000",735,2.3,13202777
2025-12-19,4960,"20,001-30,000",553,2.45,14038983
2025-12-19,4960,"30,001-40,000",263,1.62,9267425
2025-12-19,4960,"40,001-50,000",172,1.37,7863960
2025-12-19,4960,"50,001-100,000",370,4.63,26489860
2025-12-19,4960,"100,001-200,000",172,4.3,24588116
2025-12-19,4960,"200,001-400,000",78,3.85,22044606
2025-12-19,4960,"400,001-600,000",33,2.73,15630456
2025-12-19,4960,"600,001-800,000",5,0.62,3570934
2025-12-19,4960,"800,001-1,000,000",16,2.43,13914131
2025-12-19,4960,"more than 1,000,001",59,61.72,352890321
2025-12-19,4960,差異數調整（說明4）,0,0.0,0
2025-12-19,4960,total,64133,100.0,571705388
2025-12-26,4960,1-999,45620,0.72,4144412
2025-12-26,4960,"1,000-5,000",12085,5.04,28823483
2025-12-26,4960,"5,001-10,000",3236,4.41,25239462
2025-12-26,4960,"10,001-15,000",799,1.73,9942654
2025-12-26,4960,"15,001-20,000",735,2.3,13202895
2025-12-26,4960,"20,001-30,000",559,2.47,14177959
2025-12-26,4960,"30,001-40,000",262,1.61,9239910
2025-12-26,4960,"40,001-50,000",170,1.35,7772369
2025-12-26,4960,"50,001-100,000",369,4.63,26483680
2025-12-26,4960,"100,001-200,000",172,4.31,24684640
2025-12-26,4960,"200,001-400,000",77,3.83,21945431
2025-12-26,4960,"400,001-600,000",34,2.81,16102703
2025-12-26,4960,"600,001-800,000",4,0.51,2949338
2025-12-26,4960,"800,001-1,000,000",16,2.41,13782131
2025-12-26,4960,"more than 1,000,001",59,61.78,353214321
2025-12-26,4960,total,64197,100.0,571705388
2025-12-26,4960,差異數調整（說明4）,0,0.0,0
2026-01-02,4960,1-999,45679,0.72,4140407
2026-01-02,4960,"1,000-5,000",12060,5.02,28745675
2026-01-02,4960,"5,001-10,000",3230,4.4,25170341
2026-01-02,4960,"10,001-15,000",804,1.74,10004253
2026-01-02,4960,"15,001-20,000",737,2.31,13237437
2026-01-02,4960,"20,001-30,000",554,2.45,14047931
2026-01-02,4960,"30,001-40,000",261,1.61,9212783
2026-01-02,4960,"40,001-50,000",170,1.35,7767907
2026-01-02,4960,"50,001-100,000",370,4.64,26543229
2026-01-02,4960,"100,001-200,000",170,4.24,24287091
2026-01-02,4960,"200,001-400,000",78,3.88,22214223
2026-01-02,4960,"400,001-600,000",33,2.74,15716299
2026-01-02,4960,"600,001-800,000",3,0.38,2181338
2026-01-02,4960,"800,001-1,000,000",15,2.28,13059131
2026-01-02,4960,"more than 1,000,001",60,62.16,355377343
2026-01-02,4960,total,64224,100.0,571705388
2026-01-02,4960,差異數調整（說明4）,0,0.0,0
2026-01-09,4960,1-999,45721,0.71,4109842
2026-01-09,4960,"1,000-5,000",12259,5.09,29108042
2026-01-09,4960,"5,001-10,000",3261,4.44,25431532
2026-01-09,4960,"10,001-15,000",794,1.72,9889425
2026-01-09,4960,"15,001-20,000",747,2.35,13444677
2026-01-09,4960,"20,001-30,000",564,2.5,14298110
2026-01-09,4960,"30,001-40,000",262,1.61,9236334
2026-01-09,4960,"40,001-50,000",177,1.41,8065514
2026-01-09,4960,"50,001-100,000",373,4.64,26564161
2026-01-09,4960,"100,001-200,000",171,4.26,24379197
2026-01-09,4960,"200,001-400,000",78,3.88,22199307
2026-01-09,4960,"400,001-600,000",30,2.48,14225456
2026-01-09,4960,"600,001-800,000",4,0.48,2782338
2026-01-09,4960,"800,001-1,000,000",15,2.29,13148131
2026-01-09,4960,"more than 1,000,001",60,62.06,354823322
2026-01-09,4960,total,64516,100.0,571705388
2026-01-09,4960,差異數調整（說明4）,0,0.0,0
2026-01-16,4960,1-999,45833,0.71,4097852
2026-01-16,4960,"1,000-5,000",12390,5.12,29297779
2026-01-16,4960,"5,001-10,000",3252,4.44,25410989
2026-01-16,4960,"10,001-15,000",799,1.74,9974290
2026-01-16,4960,"15,001-20,000",739,2.32,13292620
2026-01-16,4960,"20,001-30,000",565,2.51,14371344
2026-01-16,4960,"30,001-40,000",251,1.55,8866426
2026-01-16,4960,"40,001-50,000",178,1.41,8094002
2026-01-16,4960,"50,001-100,000",371,4.62,26459132
2026-01-16,4960,"100,001-200,000",166,4.14,23687449
2026-01-16,4960,"200,001-400,000",73,3.63,20764680
2026-01-16,4960,"400,001-600,000",34,2.83,16204788
2026-01-16,4960,"600,001-800,000",6,0.76,4378226
2026-01-16,4960,"800,001-1,000,000",13,1.98,11347683
2026-01-16,4960,"more than 1,000,001",61,62.17,355458128
2026-01-16,4960,total,64731,100.0,571705388
2026-01-16,4960,差異數調整（說明4）,0,0.0,0
2026-01-23,4960,1-999,45999,0.71,4083209
2026-01-23,4960,"1,000-5,000",12274,5.08,29044087
2026-01-23,4960,"5,001-10,000",3221,4.39,25142814
2026-01-23,4960,"10,001-15,000",792,1.72,9871103
2026-01-23,4960,"15,001-20,000",737,2.31,13253320
2026-01-23,4960,"20,001-30,000",552,2.45,14047435
2026-01-23,4960,"30,001-40,000",256,1.58,9036658
2026-01-23,4960,"40,001-50,000",175,1.39,7958627
2026-01-23,4960,"50,001-100,000",371,4.61,26379521
2026-01-23,4960,"100,001-200,000",164,4.09,23414207
2026-01-23,4960,"200,001-400,000",72,3.55,20301979
2026-01-23,4960,"400,001-600,000",32,2.66,15227456
2026-01-23,4960,"600,001-800,000",5,0.64,3677338
2026-01-23,4960,"800,001-1,000,000",17,2.64,15105910
2026-01-23,4960,"more than 1,000,001",60,62.12,355161724
2026-01-23,4960,total,64727,100.0,571705388
2026-01-23,4960,差異數調整（說明4）,0,0.0,0
2026-01-30,4960,1-999,46214,0.71,4067774
2026-01-30,4960,"1,000-5,000",12193,5.05,28877293
2026-01-30,4960,"5,001-10,000",3219,4.39,25150026
2026-01-30,4960,"10,001-15,000",795,1.73,9900738
2026-01-30,4960,"15,001-20,000",734,2.3,13175767
2026-01-30,4960,"20,001-30,000",549,2.44,13966325
2026-01-30,4960,"30,001-40,000",254,1.56,8957846
2026-01-30,4960,"40,001-50,000",184,1.46,8389747
2026-01-30,4960,"50,001-100,000",373,4.67,26707998
2026-01-30,4960,"100,001-200,000",170,4.25,24318207
2026-01-30,4960,"200,001-400,000",70,3.46,19814181
2026-01-30,4960,"400,001-600,000",29,2.38,13635456
2026-01-30,4960,"600,001-800,000",7,0.86,4947371
2026-01-30,4960,"800,001-1,000,000",15,2.33,13355838
2026-01-30,4960,"more than 1,000,001",61,62.34,356440821
2026-01-30,4960,total,64867,100.0,571705388
2026-01-30,4960,差異數調整（說明4）,0,0.0,0
2026-02-06,4960,1-999,46406,0.71,4060668
2026-02-06,4960,"1,000-5,000",14345,5.8,33201828
2026-02-06,4960,"5,001-10,000",3406,4.71,26943674
2026-02-06,4960,"10,001-15,000",824,1.81,10351313
2026-02-06,4960,"15,001-20,000",752,2.38,13613981
2026-02-06,4960,"20,001-30,000",561,2.5,14345238
2026-02-06,4960,"30,001-40,000",262,1.61,9254979
2026-02-06,4960,"40,001-50,000",171,1.37,7843404
2026-02-06,4960,"50,001-100,000",355,4.42,25325137
2026-02-06,4960,"100,001-200,000",163,4.06,23253274
2026-02-06,4960,"200,001-400,000",75,3.71,21229251
2026-02-06,4960,"400,001-600,000",24,2.02,11560681
2026-02-06,4960,"600,001-800,000",8,0.99,5712456
2026-02-06,4960,"800,001-1,000,000",16,2.48,14212008
2026-02-06,4960,"more than 1,000,001",59,61.35,350797496
2026-02-06,4960,total,67427,100.0,571705388
2026-02-06,4960,差異數調整（說明4）,0,0.0,0
2026-02-13,4960,1-999,46600,0.7,4042515
2026-02-13,4960,"1,000-5,000",14522,5.89,33706461
2026-02-13,4960,"5,001-10,000",3489,4.81,27554732
2026-02-13,4960,"10,001-15,000",825,1.81,10362813
2026-02-13,4960,"15,001-20,000",762,2.41,13793355
2026-02-13,4960,"20,001-30,000",574,2.57,14697528
2026-02-13,4960,"30,001-40,000",273,1.69,9666463
2026-02-13,4960,"40,001-50,000",181,1.45,8310418
2026-02-13,4960,"50,001-100,000",351,4.4,25165298
2026-02-13,4960,"100,001-200,000",170,4.25,24328388
2026-02-13,4960,"200,001-400,000",77,3.78,21641710
2026-02-13,4960,"400,001-600,000",25,2.08,11947757
2026-02-13,4960,"600,001-800,000",9,1.1,6317031
2026-02-13,4960,"800,001-1,000,000",17,2.64,15101298
2026-02-13,4960,"more than 1,000,001",55,60.35,345069621
2026-02-13,4960,total,67930,100.0,571705388
2026-02-13,4960,差異數調整（說明4）,0,0.0,0
2026-02-26,4960,1-999,46770,0.7,4031723
2026-02-26,4960,"1,000-5,000",14587,5.92,33856921
2026-02-26,4960,"5,001-10,000",3518,4.87,27865719
2026-02-26,4960,"10,001-15,000",829,1.81,10386512
2026-02-26,4960,"15,001-20,000",753,2.38,13635779
2026-02-26,4960,"20,001-30,000",578,2.58,14804152
2026-02-26,4960,"30,001-40,000",261,1.61,9216820
2026-02-26,4960,"40,001-50,000",181,1.45,8297353
2026-02-26,4960,"50,001-100,000",349,4.36,24929628
2026-02-26,4960,"100,001-200,000",170,4.22,24172483
2026-02-26,4960,"200,001-400,000",79,3.87,22179240
2026-02-26,4960,"400,001-600,000",26,2.12,12146801
2026-02-26,4960,"600,001-800,000",11,1.37,7836338
2026-02-26,4960,"800,001-1,000,000",15,2.36,13530082
2026-02-26,4960,"more than 1,000,001",55,60.31,344815837
2026-02-26,4960,total,68182,100.0,571705388
2026-02-26,4960,差異數調整（說明4）,0,0.0,0
2026-03-06,4960,1-999,47484,0.7,4040913
2026-03-06,4960,"1,000-5,000",13901,5.63,32215602
2026-03-06,4960,"5,001-10,000",3355,4.64,26570742
2026-03-06,4960,"10,001-15,000",820,1.8,10293761
2026-03-06,4960,"15,001-20,000",725,2.3,13150358
2026-03-06,4960,"20,001-30,000",554,2.47,14145952
2026-03-06,4960,"30,001-40,000",260,1.6,9182253
2026-03-06,4960,"40,001-50,000",179,1.44,8236381
2026-03-06,4960,"50,001-100,000",359,4.54,26001743
2026-03-06,4960,"100,001-200,000",169,4.21,24117391
2026-03-06,4960,"200,001-400,000",75,3.73,21354943
2026-03-06,4960,"400,001-600,000",20,1.7,9767037
2026-03-06,4960,"600,001-800,000",14,1.69,9693986
2026-03-06,4960,"800,001-1,000,000",15,2.37,13601082
2026-03-06,4960,"more than 1,000,001",55,61.1,349343244
2026-03-06,4960,total,67985,100.0,571705388
2026-03-06,4960,差異數調整（說明4）,1,0.0,-10000
2026-03-13,4960,1-999,47985,0.69,3966544
2026-03-13,4960,"1,000-5,000",15886,6.21,35544311
2026-03-13,4960,"5,001-10,000",3432,4.83,27626253
2026-03-13,4960,"10,001-15,000",786,1.73,9925300
2026-03-13,4960,"15,001-20,000",732,2.33,13336625
2026-03-13,4960,"20,001-30,000",524,2.33,13377498
2026-03-13,4960,"30,001-40,000",247,1.53,8789952
2026-03-13,4960,"40,001-50,000",168,1.35,7760556
2026-03-13,4960,"50,001-100,000",360,4.6,26328297
2026-03-13,4960,"100,001-200,000",153,3.83,21900572
2026-03-13,4960,"200,001-400,000",72,3.5,20027331
2026-03-13,4960,"400,001-600,000",15,1.31,7511585
2026-03-13,4960,"600,001-800,000",8,1.02,5832338
2026-03-13,4960,"800,001-1,000,000",18,2.84,16255538
2026-03-13,4960,"more than 1,000,001",57,61.83,353522688
2026-03-13,4960,total,70443,100.0,571705388
2026-03-13,4960,差異數調整（說明4）,0,0.0,0
2026-03-20,4960,1-999,49541,0.71,4114437
2026-03-20,4960,"1,000-5,000",22755,8.31,47562831
2026-03-20,4960,"5,001-10,000",3564,5.0,28604154
2026-03-20,4960,"10,001-15,000",830,1.84,10552645
2026-03-20,4960,"15,001-20,000",712,2.27,12996421
2026-03-20,4960,"20,001-30,000",531,2.37,13579883
2026-03-20,4960,"30,001-40,000",236,1.47,8435623
2026-03-20,4960,"40,001-50,000",148,1.19,6825750
2026-03-20,4960,"50,001-100,000",343,4.37,24994608
2026-03-20,4960,"100,001-200,000",149,3.7,21165096
2026-03-20,4960,"200,001-400,000",65,3.19,18268912
2026-03-20,4960,"400,001-600,000",17,1.49,8545839
2026-03-20,4960,"600,001-800,000",9,1.1,6345323
2026-03-20,4960,"800,001-1,000,000",11,1.73,9918144
2026-03-20,4960,"more than 1,000,001",55,61.18,349795722
2026-03-20,4960,total,78966,100.0,571705388
2026-03-20,4960,差異數調整（說明4）,0,0.0,0
2026-03-27,4960,1-999,49966,0.71,4086227
2026-03-27,4960,"1,000-5,000",22130,8.14,46545810
2026-03-27,4960,"5,001-10,000",3534,4.94,28283803
2026-03-27,4960,"10,001-15,000",831,1.84,10575058
2026-03-27,4960,"15,001-20,000",709,2.26,12956718
2026-03-27,4960,"20,001-30,000",540,2.41,13786690
2026-03-27,4960,"30,001-40,000",234,1.46,8390455
2026-03-27,4960,"40,001-50,000",136,1.09,6266970
2026-03-27,4960,"50,001-100,000",338,4.23,24229265
2026-03-27,4960,"100,001-200,000",149,3.61,20695025
2026-03-27,4960,"200,001-400,000",63,2.98,17078879
2026-03-27,4960,"400,001-600,000",16,1.38,7939974
2026-03-27,4960,"600,001-800,000",9,1.11,6377274
2026-03-27,4960,"800,001-1,000,000",10,1.57,8988144
2026-03-27,4960,"more than 1,000,001",56,62.18,355505096
2026-03-27,4960,total,78721,100.0,571705388
2026-03-27,4960,差異數調整（說明4）,0,0.0,0
2026-04-02,4960,1-999,50127,0.71,4070443
2026-04-02,4960,"1,000-5,000",22789,8.49,48574847
2026-04-02,4960,"5,001-10,000",3864,5.4,30873537
2026-04-02,4960,"10,001-15,000",929,2.07,11867588
2026-04-02,4960,"15,001-20,000",749,2.39,13681916
2026-04-02,4960,"20,001-30,000",547,2.44,13974217
2026-04-02,4960,"30,001-40,000",261,1.62,9316832
2026-04-02,4960,"40,001-50,000",162,1.3,7486940
2026-04-02,4960,"50,001-100,000",339,4.23,24219508
2026-04-02,4960,"100,001-200,000",156,3.83,21904283
2026-04-02,4960,"200,001-400,000",57,2.73,15628392
2026-04-02,4960,"400,001-600,000",15,1.25,7177140
2026-04-02,4960,"600,001-800,000",9,1.12,6430930
2026-04-02,4960,"800,001-1,000,000",9,1.39,7990306
2026-04-02,4960,"more than 1,000,001",56,60.95,348508509
2026-04-02,4960,total,80069,100.0,571705388
2026-04-02,4960,差異數調整（說明4）,0,0.0,0
2026-04-10,4960,1-999,50143,0.71,4060525
2026-04-10,4960,"1,000-5,000",22426,8.44,48279116
2026-04-10,4960,"5,001-10,000",3835,5.35,30593892
2026-04-10,4960,"10,001-15,000",925,2.06,11798721
2026-04-10,4960,"15,001-20,000",751,2.4,13755013
2026-04-10,4960,"20,001-30,000",554,2.47,14147590
2026-04-10,4960,"30,001-40,000",269,1.68,9619665
2026-04-10,4960,"40,001-50,000",155,1.25,7175163
2026-04-10,4960,"50,001-100,000",334,4.17,23880801
2026-04-10,4960,"100,001-200,000",158,3.91,22379964
2026-04-10,4960,"200,001-400,000",55,2.71,15528285
2026-04-10,4960,"400,001-600,000",13,1.09,6259617
2026-04-10,4960,"600,001-800,000",6,0.74,4239994
2026-04-10,4960,"800,001-1,000,000",11,1.7,9726299
2026-04-10,4960,"more than 1,000,001",56,61.26,350260743
2026-04-10,4960,total,79691,100.0,571705388
2026-04-10,4960,差異數調整（說明4）,0,0.0,0
2026-04-17,4960,1-999,50008,0.68,3937956
2026-04-17,4960,"1,000-5,000",20527,7.62,43595415
2026-04-17,4960,"5,001-10,000",3524,4.96,28362345
2026-04-17,4960,"10,001-15,000",820,1.83,10471178
2026-04-17,4960,"15,001-20,000",700,2.24,12861803
2026-04-17,4960,"20,001-30,000",537,2.4,13771759
2026-04-17,4960,"30,001-40,000",251,1.57,8977712
2026-04-17,4960,"40,001-50,000",156,1.27,7294925
2026-04-17,4960,"50,001-100,000",325,4.07,23295701
2026-04-17,4960,"100,001-200,000",149,3.74,21392026
2026-04-17,4960,"200,001-400,000",42,2.09,11967322
2026-04-17,4960,"400,001-600,000",14,1.18,6792536
2026-04-17,4960,"600,001-800,000",9,1.12,6413229
2026-04-17,4960,"800,001-1,000,000",13,2.09,11959410
2026-04-17,4960,"more than 1,000,001",56,63.07,360612071
2026-04-17,4960,total,77131,100.0,571705388
2026-04-17,4960,差異數調整（說明4）,0,0.0,0
2026-04-24,4960,1-999,55664,0.71,4107745
2026-04-24,4960,"1,000-5,000",20979,7.51,42938656
2026-04-24,4960,"5,001-10,000",3095,4.35,24924311
2026-04-24,4960,"10,001-15,000",745,1.67,9597313
2026-04-24,4960,"15,001-20,000",631,2.04,11666361
2026-04-24,4960,"20,001-30,000",487,2.18,12502148
2026-04-24,4960,"30,001-40,000",207,1.28,7332632
2026-04-24,4960,"40,001-50,000",141,1.14,6529661
2026-04-24,4960,"50,001-100,000",280,3.48,19916181
2026-04-24,4960,"100,001-200,000",136,3.29,18840637
2026-04-24,4960,"200,001-400,000",48,2.33,13374895
2026-04-24,4960,"400,001-600,000",10,0.84,4827470
2026-04-24,4960,"600,001-800,000",7,0.83,4791522
2026-04-24,4960,"800,001-1,000,000",10,1.56,8961569
2026-04-24,4960,"more than 1,000,001",62,66.71,381394287
2026-04-24,4960,total,82502,100.0,571705388
2026-04-24,4960,差異數調整（說明4）,0,0.0,0
2026-04-30,4960,1-999,57342,0.71,4074729
2026-04-30,4960,"1,000-5,000",19898,7.17,41047494
2026-04-30,4960,"5,001-10,000",3013,4.22,24130820
2026-04-30,4960,"10,001-15,000",737,1.65,9464945
2026-04-30,4960,"15,001-20,000",619,2.0,11435063
2026-04-30,4960,"20,001-30,000",477,2.13,12233931
2026-04-30,4960,"30,001-40,000",189,1.17,6705435
2026-04-30,4960,"40,001-50,000",142,1.14,6560249
2026-04-30,4960,"50,001-100,000",281,3.48,19914194
2026-04-30,4960,"100,001-200,000",129,3.12,17852303
2026-04-30,4960,"200,001-400,000",53,2.54,14528069
2026-04-30,4960,"400,001-600,000",11,0.95,5480470
2026-04-30,4960,"600,001-800,000",8,0.96,5491522
2026-04-30,4960,"800,001-1,000,000",9,1.43,8187828
2026-04-30,4960,"more than 1,000,001",64,67.27,384598336
2026-04-30,4960,total,82972,100.0,571705388
2026-04-30,4960,差異數調整（說明4）,0,0.0,0
